"","Name","Family","Status","Diaspore","Syndrome","Dia_d1_min","Dia_d1_max","Dia_d2_min","Dia_d2_max","Dia_d3_min","Dia_d3_max","Katalupaï","Laguen","Arago","Ateou","Prokomeo","Forêt Plate P17","Forêt Plate P26","Forêt Plate P09","Forêt Plate P12","Calcaires de Koumac","Wekori","Col d'Amoss","Grand Lac","Gohapin","Djeve","Bouirou","Tiwae","Tiebaghi","Paoua","Kouaoua","Aoupinié"
"1","Acacia spirorbis","Fabaceae","native","seed","endozoochory",5,NA,2.5,NA,NA,NA,0,0,0,0,0,0,0,0,0,0,0,0,0,0,0,0,0,2,0,0,0
"2","Acridocarpus austrocaledonicus","Malpighiaceae","endemic","fruit","anemochory",NA,NA,NA,NA,NA,NA,0,0,0,0,0,0,0,0,0,0,0,0,0,0,0,0,0,1,0,0,0
"3","Acronychia laevis","Rutaceae","native","fruit","endozoochory",7,12,NA,NA,NA,NA,0,0,0,0,0,26,16,0,0,0,0,0,0,1,0,0,0,0,0,0,0
"4","Acropogon aoupiniensis","Malvaceae","endemic","seed","endozoochory",NA,NA,NA,NA,NA,NA,0,0,0,0,0,0,0,0,0,0,0,0,0,0,0,0,0,0,0,0,188
"5","Acropogon macrocarpus","Malvaceae","endemic","seed","endozoochory",28,20,NA,NA,NA,NA,48,7,0,0,0,0,0,0,0,0,0,0,0,0,0,0,0,0,0,0,0
"6","Acropogon merytifolius","Malvaceae","endemic","seed","endozoochory",NA,NA,NA,NA,NA,NA,0,0,12,0,0,0,0,0,0,0,0,0,0,0,0,0,0,0,0,0,0
"7","Acropogon sageniifolius","Malvaceae","endemic","seed","barochory",NA,NA,NA,NA,NA,NA,0,0,0,1,0,0,0,0,0,0,0,0,0,0,0,0,0,0,0,0,0
"8","Acropogon schistophilus","Malvaceae","endemic","seed","barochory/endozoochory",45.1,NA,12.5,NA,NA,NA,0,5,0,0,0,0,0,0,0,0,0,0,0,0,0,0,0,0,0,0,0
"9","Acropogon tireliae","Malvaceae","endemic","seed","barochory",NA,NA,NA,NA,NA,NA,0,0,0,1,0,0,0,0,0,0,0,0,0,0,0,0,0,0,0,0,0
"10","Agathis lanceolata","Araucariaceae","endemic","seed","anemochory/endozoochory",12,15,7,NA,NA,NA,0,0,0,0,0,0,0,0,0,0,0,0,13,0,0,0,0,0,0,0,0
"11","Agathis moorei","Araucariaceae","endemic","seed","anemochory",20,22,8,NA,NA,NA,0,0,0,0,0,1,5,26,16,0,0,0,0,0,0,0,0,0,0,0,0
"12","Aglaia elaeagnoidea","Meliaceae","native","fruit","endozoochory",15,NA,NA,NA,NA,NA,0,0,0,0,0,0,0,0,0,102,0,0,0,0,0,0,0,0,0,0,0
"13","Aidia congesta","Rubiaceae","endemic","fruit","endozoochory",10,NA,NA,NA,NA,NA,0,0,1,0,0,0,0,0,0,0,0,0,0,0,0,0,0,0,0,0,0
"14","Alangium vitiense","Cornaceae","native","fruit","endozoochory",17,22,8,11,NA,NA,2,0,0,6,0,0,0,0,2,0,44,1,3,6,2,3,0,0,0,0,0
"15","Alectryon carinatum","Sapindaceae","endemic","seed","endozoochory",3,NA,NA,NA,NA,NA,2,0,0,0,0,0,0,0,0,0,0,0,0,0,0,0,0,0,0,0,0
"16","Aleurites moluccana","Euphorbiaceae","native","fruit","endozoochory",35,40,35,52,35,NA,0,0,0,0,0,0,0,0,0,0,0,0,0,14,0,0,0,0,0,0,0
"17","Alphitonia neocaledonica","Rhamnaceae","endemic","seed","endozoochory",5,10,11,15,NA,NA,0,0,0,0,0,0,0,0,0,0,0,0,9,0,0,0,8,0,0,0,0
"18","Alstonia balansae","Apocynaceae","endemic","seed","anemochory",3,10,NA,NA,NA,NA,0,0,0,0,0,0,0,0,0,0,0,0,0,0,0,0,0,34,0,0,0
"19","Alstonia costata","Apocynaceae","native","seed","anemochory",3,NA,1.5,NA,NA,NA,0,0,7,4,0,0,0,0,1,0,1,0,0,0,2,7,25,0,0,0,0
"20","Alstonia lanceolata","Apocynaceae","endemic","seed","anemochory",3,NA,4,NA,2,NA,0,0,2,0,0,0,0,0,0,0,0,0,0,0,0,0,0,0,0,0,0
"21","Alstonia sphaerocapitata","Apocynaceae","endemic","seed","anemochory",7,NA,2,NA,NA,NA,0,0,0,0,0,0,0,0,0,0,0,0,0,0,0,0,18,0,0,0,0
"22","Amborella trichopoda","Amborellaceae","endemic","fruit","endozoochory",8,10,4,5,NA,NA,0,0,2,0,0,0,0,0,0,0,0,0,0,0,0,4,0,0,0,0,5
"23","Anthocarapa nitidula","Meliaceae","native","seed","endozoochory",30,NA,15,NA,NA,NA,2,0,9,2,0,0,0,1,1,0,0,15,0,0,0,13,5,0,0,0,0
"24","Apiopetalum glabratum","Apiaceae","endemic","fruit","endozoochory",4,6,NA,NA,NA,NA,0,0,0,0,0,0,0,0,0,0,0,0,0,0,0,0,0,0,42,0,0
"25","Apodytes clusiifolia","Metteniusaceae","endemic","fruit","endozoochory",5,11.2,4.6,15.3,NA,NA,0,1,0,92,0,0,0,0,0,0,8,45,0,0,0,70,0,0,0,48,40
"26","Araucaria montana","Araucariaceae","endemic","seed","anemochory",NA,NA,NA,NA,NA,NA,0,0,0,0,39,0,0,0,0,0,0,0,0,0,0,0,0,0,72,65,0
"27","Archidendropsis fournieri","Fabaceae","endemic","seed","barochory",19,25,15,17,NA,NA,0,0,0,0,0,1,4,0,0,0,0,0,0,0,0,0,0,0,0,0,0
"28","Archidendropsis fulgens","Fabaceae","endemic","seed","anemochory",13,NA,17,NA,NA,NA,0,0,8,0,0,0,0,0,0,0,0,0,0,0,0,0,0,0,0,0,0
"29","Archidendropsis glandulosa","Fabaceae","endemic","seed","anemochory",15,17,12,13,0.3,NA,0,0,0,0,0,0,0,0,0,0,14,0,0,0,1,0,0,0,0,0,0
"30","Archidendropsis granulosa","Fabaceae","endemic","seed","anemochory",7,12,8,13.5,1,NA,0,0,0,0,26,0,0,5,0,0,2,0,13,6,0,0,0,0,0,0,0
"31","Archidendropsis streptocarpa","Fabaceae","endemic","seed","anemochory",11,18.5,12.5,25.5,0.5,NA,0,0,0,0,0,0,0,0,0,0,0,0,0,0,0,18,1,0,0,0,0
"32","Archirhodomyrtus baladensis","Myrtaceae","endemic","fruit","endozoochory",4,9,4,7,NA,NA,0,0,0,0,0,0,0,0,0,0,0,0,0,0,1,0,3,0,0,0,0
"33","Archirhodomyrtus turbinata","Myrtaceae","endemic","fruit","endozoochory",6,10,5,8,NA,NA,0,0,0,0,0,0,0,0,0,0,1,0,0,0,0,0,0,0,0,0,0
"34","Ascarina rubricaulis","Chloranthaceae","endemic","fruit","endozoochory",NA,NA,NA,NA,NA,NA,0,1,0,0,0,0,0,0,0,0,0,0,0,0,0,0,0,0,0,0,0
"35","Ascarina solmsiana","Chloranthaceae","endemic","fruit","endozoochory",3.5,4,2.5,NA,NA,NA,0,0,0,4,0,0,0,0,0,0,0,0,0,0,0,0,0,0,0,0,83
"36","Austrobuxus alticola","Picrodendraceae","endemic","seed","endozoochory",6,7,3,NA,NA,NA,0,0,0,0,0,0,0,0,0,0,0,5,0,0,0,0,0,0,0,0,0
"37","Austrobuxus carunculatus","Picrodendraceae","endemic","seed","endozoochory",7,9,5,NA,3,NA,0,0,0,0,1,0,0,0,0,0,0,0,0,0,0,0,1,11,2,0,0
"38","Austrobuxus eugeniifolius","Picrodendraceae","endemic","fruit","endozoochory",7,11,7,11,NA,NA,0,0,0,0,10,0,0,0,0,0,0,0,0,0,0,0,0,0,0,0,0
"39","Austrobuxus ovalis","Picrodendraceae","endemic","fruit","endozoochory",7,9,NA,NA,NA,NA,0,0,0,0,0,0,0,0,0,0,0,0,0,0,0,0,0,0,0,0,17
"40","Austrobuxus pauciflorus","Picrodendraceae","endemic","fruit","endozoochory",7,8,NA,NA,NA,NA,0,0,0,0,0,0,0,0,0,0,6,0,1,0,0,0,0,0,0,0,0
"41","Austrobuxus vieillardii","Picrodendraceae","endemic","fruit","endozoochory",10,12,10,12,NA,NA,1,1,0,0,0,0,0,0,0,0,0,0,0,0,0,0,0,0,0,0,0
"42","Balanops balansae","Balanopaceae","endemic","fruit","endozoochory",15,NA,10,NA,NA,NA,0,0,0,0,0,0,0,0,0,0,0,0,0,0,0,0,0,0,0,13,0
"43","Balanops oliviformis","Balanopaceae","endemic","fruit","endozoochory",20,28,15,20,NA,NA,1,1,1,13,0,0,0,0,0,0,0,0,0,0,0,1,0,0,0,0,11
"44","Balanops pachyphylla","Balanopaceae","endemic","fruit","endozoochory",20,NA,14,NA,NA,NA,0,0,0,0,0,0,0,0,0,0,0,0,5,0,0,0,0,0,0,0,0
"45","Balanops sparsiflora","Balanopaceae","endemic","fruit","endozoochory",8,17,5,12,NA,NA,0,0,0,0,20,0,0,0,0,0,0,0,0,0,0,0,0,0,14,0,0
"46","Balanops vieillardii","Balanopaceae","endemic","fruit","endozoochory",NA,NA,17.9,32.8,11.1,20,0,0,0,0,0,0,0,0,0,0,0,6,0,0,0,0,0,0,0,0,0
"47","Baloghia inophylla","Euphorbiaceae","native","seed","endozoochory",8,6,NA,NA,NA,NA,0,0,0,0,0,15,35,4,1,4,0,0,0,11,0,0,0,0,0,0,0
"48","Baloghia montana","Euphorbiaceae","endemic","seed","endozoochory",4.5,5,3,NA,NA,NA,0,0,5,0,0,0,0,0,0,0,0,3,0,0,0,0,0,0,0,0,0
"49","Barringtonia longifolia","Lecythidaceae","endemic","fruit","endozoochory",18,20,NA,NA,NA,NA,0,26,28,0,0,0,0,0,0,0,3,0,0,0,0,0,0,0,0,0,0
"50","Barringtonia neocaledonica","Lecythidaceae","endemic","fruit","hydrochory",55,60,17.5,20,10,12.5,0,0,0,0,0,0,0,0,0,0,0,0,0,0,29,0,0,0,0,0,0
"51","Beauprea filipes","Proteaceae","endemic","fruit","endozoochory",22,25,20,25,NA,NA,0,0,0,0,0,0,0,0,0,0,0,0,0,0,0,0,0,0,0,0,1
"52","Beauprea montana","Proteaceae","endemic","fruit","endozoochory",10,12,7,9,NA,NA,0,0,0,0,0,0,0,0,0,0,0,0,1,0,0,0,0,0,0,0,0
"53","Beilschmiedia neocaledonica","Lauraceae","endemic","fruit","endozoochory",20,NA,NA,NA,NA,NA,0,0,1,0,0,0,0,0,0,0,0,0,0,0,0,0,0,0,0,0,0
"54","Beilschmiedia oreophila","Lauraceae","endemic","fruit","endozoochory",13.2,31,11.3,30.5,NA,NA,0,0,0,0,0,0,0,0,0,0,0,0,9,0,0,0,0,0,0,0,0
"55","Bischofia javanica","Phyllanthaceae","native","fruit","endozoochory",6,7,6,NA,NA,NA,0,0,0,5,0,0,0,0,1,9,0,0,0,0,5,1,0,0,0,0,0
"56","Calophyllum caledonicum","Calophyllaceae","endemic","fruit","endozoochory",20,NA,25,NA,NA,NA,0,13,82,0,22,0,0,80,35,0,0,224,52,0,11,73,1,202,0,0,0
"57","Canarium oleiferum","Burseraceae","endemic","fruit","endozoochory",25.9,30.6,21.1,26.8,NA,NA,0,0,1,0,0,0,0,0,0,0,0,0,14,0,0,0,2,0,0,0,0
"58","Canarium trifoliolatum","Burseraceae","endemic","fruit","endozoochory",35,NA,NA,NA,NA,NA,0,0,0,0,0,0,0,0,8,0,0,0,0,0,0,0,0,0,0,0,0
"59","Casearia deplanchei","Salicaceae","endemic","seed","endozoochory",2,3,NA,NA,NA,NA,0,0,0,0,0,2,0,0,0,0,0,0,0,0,0,0,0,0,0,0,0
"60","Casearia puberula","Salicaceae","endemic","seed","endozoochory",4,NA,NA,NA,NA,NA,0,0,0,0,0,0,0,0,0,0,0,0,0,0,0,0,2,0,0,0,0
"61","Casearia silvana","Salicaceae","endemic","seed","endozoochory",4,NA,NA,NA,NA,NA,0,0,0,1,0,0,0,0,0,0,1,0,0,0,1,0,0,0,0,0,0
"62","Celtis balansae","Cannabaceae","endemic","fruit","endozoochory",7,7.5,6,8,NA,NA,0,0,0,0,0,0,0,0,0,39,0,0,0,0,0,0,0,0,0,0,0
"63","Celtis conferta","Cannabaceae","native","fruit","endozoochory",6,7,NA,NA,NA,NA,0,0,0,0,0,3,3,0,0,0,0,0,0,2,0,0,0,0,0,0,0
"64","Celtis paniculata","Cannabaceae","native","fruit","endozoochory",8,10,NA,NA,NA,NA,0,0,0,0,0,0,0,0,1,0,0,0,0,0,0,0,0,0,0,0,0
"65","Cerberiopsis candelabra","Apocynaceae","endemic","fruit","anemochory",22,NA,4,6,NA,NA,0,0,0,0,0,0,0,0,0,0,0,0,12,0,0,0,0,82,0,0,0
"66","Chionanthus brachystachys","Oleaceae","endemic","fruit","endozoochory",20,45,10,20,NA,NA,0,1,4,0,0,1,0,0,29,0,0,6,11,0,2,11,1,0,0,0,7
"67","Chionanthus pedunculatus","Oleaceae","endemic","fruit","endozoochory",40,60,20,28,NA,NA,0,0,4,14,2,0,14,37,0,0,14,1,0,0,0,0,0,0,0,0,17
"68","Citronella macrocarpa","Cardiopteridaceae","endemic","fruit","endozoochory",23,11,NA,NA,NA,NA,0,0,0,0,0,0,14,12,3,0,0,0,0,13,0,0,0,0,0,0,0
"69","Claoxylon insulanum","Euphorbiaceae","endemic","seed","",2.5,NA,NA,NA,NA,NA,0,0,0,0,0,0,0,0,0,0,0,0,0,0,1,0,0,0,0,0,0
"70","Cleidion spathulatum","Euphorbiaceae","endemic","seed","endozoochory",4,NA,4,NA,3,NA,0,1,0,0,0,0,0,0,0,0,0,0,0,0,0,0,0,0,0,0,0
"71","Cleistanthus stipitatus","Phyllanthaceae","endemic","fruit","endozoochory",5,8,7,9,NA,NA,0,0,0,0,0,0,0,0,0,0,3,0,0,4,0,1,30,0,0,0,0
"72","Codia discolor","Cunoniaceae","endemic","seed","anemochory",3.6,4.8,2.7,3.6,NA,NA,0,0,0,0,0,0,0,0,0,0,0,0,4,0,1,0,0,0,0,0,0
"73","Codia jaffrei","Cunoniaceae","endemic","fruit","anemochory",NA,NA,NA,NA,NA,NA,0,0,0,0,0,0,0,0,0,0,0,0,1,0,0,0,0,0,0,0,0
"74","Codia spatulata","Cunoniaceae","endemic","fruit","anemochory",NA,NA,NA,NA,NA,NA,0,0,0,0,0,0,0,0,0,0,0,0,0,0,0,0,0,15,0,0,0
"75","Codiaeum peltatum","Euphorbiaceae","endemic","seed","endozoochory",5,6,4,NA,NA,NA,0,0,0,1,0,8,3,2,5,0,0,1,0,4,5,0,0,0,0,0,0
"76","Comptonella drupacea","Rutaceae","endemic","fruit","endozoochory",5.5,8,NA,NA,NA,NA,15,1,0,0,0,2,0,0,4,0,0,0,0,24,10,3,17,0,2,0,0
"77","Comptonella microcarpa","Rutaceae","endemic","fruit","endozoochory",5,6,NA,NA,NA,NA,0,0,0,0,0,0,0,0,0,0,0,0,0,0,0,0,0,0,0,0,20
"78","Cordia dichotoma","Boraginaceae","native","fruit","endozoochory",10,15,NA,NA,NA,NA,0,0,0,0,0,0,0,0,0,1,0,0,0,0,0,0,0,0,0,0,0
"79","Coronanthera deltoidifolia","Gesneriaceae","endemic","seed","anemochory",NA,NA,NA,NA,NA,NA,0,0,0,0,0,0,0,0,0,0,0,0,0,0,0,0,0,0,0,0,3
"80","Corynocarpus dissimilis","Corynocarpaceae","endemic","fruit","endozoochory",40,NA,25,NA,20,NA,0,0,0,2,0,0,0,0,2,4,0,0,0,0,0,0,0,0,0,0,0
"81","Crossosperma velutina","Rutaceae","endemic","fruit","endozoochory",20,35,NA,NA,NA,NA,0,0,0,0,0,0,0,0,0,0,0,3,0,0,0,0,0,0,0,0,0
"82","Crossostylis grandiflora","Rhizophoraceae","endemic","seed","endozoochory",NA,NA,NA,NA,NA,NA,53,0,7,0,0,0,2,29,9,0,87,1,0,0,84,0,33,8,0,0,0
"83","Crossostylis multiflora","Rhizophoraceae","endemic","fruit","barochory/endozoochory",3.3,8.5,2.9,6.2,NA,NA,19,90,30,11,0,0,0,0,0,0,0,17,0,0,0,26,1,0,0,0,64
"84","Crossostylis seberti","Rhizophoraceae","endemic","seed","endozoochory",NA,NA,NA,NA,NA,NA,0,0,0,0,0,0,0,0,0,0,0,0,4,0,0,0,0,0,0,0,0
"85","Cryptocarya adpressa","Lauraceae","endemic","fruit","endozoochory",20,25,20,21,NA,NA,0,3,0,0,0,0,0,0,0,0,0,0,0,0,0,0,0,0,0,0,0
"86","Cryptocarya aristata","Lauraceae","endemic","fruit","endozoochory",25,40,NA,NA,NA,NA,0,0,0,7,0,0,0,1,0,0,0,0,0,0,0,3,0,0,0,0,36
"87","Cryptocarya barrabeae","Lauraceae","endemic","fruit","endozoochory",NA,NA,NA,NA,NA,NA,7,0,0,0,0,0,0,1,0,0,0,2,0,0,0,2,1,0,0,0,0
"88","Cryptocarya chrysea","Lauraceae","endemic","fruit","endozoochory",25,30,23,33,NA,NA,0,40,0,0,0,0,0,0,0,0,0,0,0,0,0,0,0,0,0,0,2
"89","Cryptocarya elliptica","Lauraceae","endemic","fruit","endozoochory",NA,15,NA,NA,NA,NA,1,3,7,3,0,24,13,4,0,0,0,0,0,0,6,7,17,0,0,0,0
"90","Cryptocarya gracilis","Lauraceae","endemic","fruit","endozoochory",21,NA,12,NA,NA,NA,0,0,0,0,0,0,0,0,0,0,0,0,5,0,0,0,0,0,0,0,1
"91","Cryptocarya guillauminii","Lauraceae","endemic","fruit","endozoochory",20,25,NA,25,NA,NA,0,0,0,0,10,0,0,0,0,0,0,0,1,0,0,0,0,0,0,0,0
"92","Cryptocarya longifolia","Lauraceae","endemic","fruit","endozoochory",NA,13,NA,17,NA,NA,0,7,1,0,0,0,35,5,14,0,0,0,0,0,0,0,0,0,0,0,15
"93","Cryptocarya mackeei","Lauraceae","endemic","fruit","endozoochory",NA,20,NA,30,NA,NA,0,0,0,0,0,0,0,0,0,0,0,0,0,0,0,0,0,0,0,1,0
"94","Cryptocarya macrodesme","Lauraceae","endemic","fruit","endozoochory",NA,25,NA,45,NA,NA,1,2,3,0,0,0,0,0,6,0,0,0,0,0,0,0,3,0,0,0,5
"95","Cryptocarya odorata","Lauraceae","endemic","fruit","endozoochory",NA,12,NA,NA,NA,NA,0,0,0,0,0,0,0,0,0,0,35,0,21,0,0,0,0,0,0,0,0
"96","Cryptocarya oubatchensis","Lauraceae","endemic","fruit","endozoochory",NA,17,NA,30,NA,NA,0,13,1,23,0,0,0,0,0,0,0,0,0,0,1,0,0,0,0,0,61
"97","Cryptocarya pluricostata","Lauraceae","endemic","fruit","endozoochory",NA,9,NA,18,NA,NA,0,0,11,1,0,2,1,2,3,0,0,0,0,0,3,16,5,0,0,0,0
"98","Cryptocarya transversa","Lauraceae","endemic","fruit","endozoochory",NA,20,NA,30,NA,NA,0,0,0,0,0,0,0,0,0,0,0,0,1,0,0,0,0,0,0,0,0
"99","Cryptocarya velutinosa","Lauraceae","endemic","fruit","endozoochory",NA,35,NA,25,NA,NA,27,0,26,0,0,0,0,0,0,0,0,0,0,0,0,5,5,0,0,0,19
"100","Cunonia aoupiniensis","Cunoniaceae","endemic","seed","anemochory",3,NA,0.6,NA,NA,NA,0,0,0,0,0,0,0,0,0,0,0,0,0,0,0,0,0,0,0,0,45
"101","Cunonia austrocaledonica","Cunoniaceae","endemic","seed","anemochory",2,2.5,0.5,0.7,NA,NA,1,0,0,6,0,0,0,0,0,0,0,6,0,0,1,1,0,0,0,0,0
"102","Cunonia balansae","Cunoniaceae","endemic","seed","anemochory",1.5,2,0.4,0.7,NA,NA,0,0,0,0,0,0,0,0,0,0,0,0,59,0,0,0,0,0,0,0,0
"103","Cunonia linearisepala","Cunoniaceae","endemic","seed","anemochory",2.5,NA,0.7,NA,NA,NA,0,0,0,0,0,0,0,0,0,0,0,5,0,0,0,0,0,0,0,0,0
"104","Cunonia montana","Cunoniaceae","endemic","seed","anemochory",2,2.8,0.5,0.7,NA,NA,0,0,0,0,1,0,0,0,0,0,0,0,0,0,0,0,0,0,7,26,0
"105","Cunonia pulchella","Cunoniaceae","endemic","seed","anemochory",1.3,2,0.4,0.6,NA,NA,0,0,0,0,0,0,0,0,0,0,0,0,0,0,0,0,0,0,0,0,1
"106","Cunonia varijuga","Cunoniaceae","endemic","seed","anemochory",NA,NA,NA,NA,NA,NA,0,0,0,0,0,0,0,0,0,0,0,0,0,0,0,0,0,0,1,0,0
"107","Cupaniopsis apiocarpa","Sapindaceae","endemic","seed","endozoochory",15,NA,8,NA,NA,NA,0,0,0,0,0,0,0,0,1,1,0,0,0,1,0,0,0,0,0,0,0
"108","Cupaniopsis azantha","Sapindaceae","endemic","seed","endozoochory",NA,NA,NA,NA,NA,NA,0,0,0,0,0,0,0,0,1,0,0,0,0,0,0,0,0,0,0,0,0
"109","Cupaniopsis chytradenia","Sapindaceae","endemic","seed","endozoochory",NA,NA,NA,NA,NA,NA,0,0,0,0,0,0,8,16,0,0,0,0,0,0,0,0,0,0,0,0,0
"110","Cupaniopsis macrocarpa","Sapindaceae","endemic","seed","endozoochory",12,16,6,9,NA,NA,71,45,44,9,0,16,0,74,15,0,59,0,0,0,6,14,47,0,0,0,7
"111","Cupaniopsis petiolulata","Sapindaceae","endemic","seed","endozoochory",15,21,7,10.5,NA,NA,29,59,0,2,0,8,35,42,41,0,0,67,0,0,2,32,50,0,0,0,0
"112","Cupaniopsis phalacrocarpa","Sapindaceae","endemic","seed","endozoochory",17,18,8,10,NA,NA,0,1,0,0,0,0,0,0,0,0,0,0,0,0,0,0,0,0,0,0,114
"113","Cupaniopsis sylvatica","Sapindaceae","endemic","seed","endozoochory",14,19,8,10,NA,NA,39,2,2,1,0,10,44,36,11,0,2,5,0,3,13,11,57,0,0,0,0
"114","Cupaniopsis trigonocarpa","Sapindaceae","endemic","seed","endozoochory",13,NA,8,NA,NA,NA,0,0,0,0,0,0,0,0,0,0,0,0,0,1,0,0,0,0,0,0,0
"115","Dacrydium araucarioides","Podocarpaceae","endemic","seed","endozoochory",8,12,4,8,NA,NA,0,0,0,0,2,0,0,0,0,0,0,0,0,0,0,0,0,0,0,0,0
"116","Delarbrea harmsii","Myodocarpaceae","endemic","fruit","endozoochory",5,7,6,7,NA,NA,0,0,0,0,0,0,0,2,0,0,0,6,0,0,0,9,2,0,0,0,0
"117","Dendrocnide peltata","Urticaceae","native","fruit","endozoochory",2,NA,NA,NA,NA,NA,0,0,0,1,0,0,0,0,0,0,0,0,0,0,0,0,0,0,0,0,0
"118","Depanthus glaber","Gesneriaceae","endemic","seed","barochory/endozoochory",0.7,0.9,0.5,0.7,NA,NA,0,0,0,14,0,0,0,0,0,0,0,0,0,0,0,0,0,0,0,0,0
"119","Deplanchea speciosa","Bignoniaceae","endemic","seed","anemochory",30,NA,20,NA,NA,NA,20,0,0,0,2,0,0,0,0,0,0,0,89,0,10,0,6,0,0,0,0
"120","Dicarpellum pancheri","Celastraceae","endemic","seed","endozoochory",6,7,3,4,NA,NA,0,0,0,0,0,0,0,0,1,0,0,0,0,0,0,0,2,0,0,0,8
"121","Didymocheton bijugum","Meliaceae","native","seed","endozoochory",18,20,NA,NA,NA,NA,1,0,0,1,0,1,2,1,5,4,0,0,0,7,0,0,2,0,0,0,0
"122","Didymocheton canalense","Meliaceae","endemic","seed","endozoochory",NA,NA,NA,NA,NA,NA,0,0,0,0,0,0,0,0,0,0,0,0,1,0,0,0,0,0,0,0,0
"123","Didymocheton kouiriense","Meliaceae","endemic","seed","endozoochory",NA,NA,NA,NA,NA,NA,39,61,9,54,0,0,0,6,0,0,0,0,0,0,0,51,19,0,0,0,64
"124","Didymocheton macranthum","Meliaceae","endemic","seed","endozoochory",18,NA,14,NA,NA,NA,0,0,0,4,0,0,1,4,3,0,8,0,0,0,66,8,0,0,0,0,0
"125","Didymocheton macrostachyum","Meliaceae","endemic","seed","endozoochory",25,NA,NA,NA,NA,NA,0,0,0,0,0,0,2,2,0,0,0,0,0,0,16,0,0,0,0,0,0
"126","Didymocheton minutiflorum","Meliaceae","endemic","seed","endozoochory",12,NA,NA,NA,NA,NA,0,0,0,0,0,0,0,0,0,0,0,0,9,0,0,0,0,0,0,0,0
"127","Didymocheton pachypodum","Meliaceae","endemic","seed","endozoochory",10,NA,5,NA,NA,NA,0,0,0,0,0,0,0,0,1,0,0,0,0,0,0,0,0,0,0,0,0
"128","Didymocheton roseus","Meliaceae","endemic","seed","endozoochory",NA,NA,NA,NA,NA,NA,14,2,6,3,0,7,0,10,7,0,0,39,0,22,7,24,28,0,0,0,14
"129","Didymocheton rufescens","Meliaceae","endemic","seed","endozoochory",NA,NA,NA,NA,NA,NA,39,2,38,4,0,0,0,14,2,8,43,14,0,2,42,34,29,0,0,0,16
"130","Diospyros brassica","Ebenaceae","endemic","fruit","endozoochory",NA,60,NA,30,NA,NA,0,1,0,0,0,0,0,0,0,0,0,0,0,0,0,0,0,0,0,0,0
"131","Diospyros fasciculosa","Ebenaceae","native","fruit","endozoochory",9.1,14.5,NA,NA,NA,NA,0,0,0,0,0,73,73,7,26,126,3,0,0,46,8,0,1,0,0,0,0
"132","Diospyros flavocarpa","Ebenaceae","endemic","fruit","endozoochory",NA,15,NA,12,NA,NA,6,0,0,0,0,0,0,0,0,0,0,0,0,0,0,0,0,0,0,0,0
"133","Diospyros macrocarpa","Ebenaceae","endemic","fruit","endozoochory",36.2,52.6,18.9,32,NA,NA,10,0,6,1,0,0,0,1,13,0,1,2,0,0,14,1,19,28,0,0,0
"134","Diospyros oubatchensis","Ebenaceae","endemic","fruit","endozoochory",NA,55,NA,25,NA,NA,0,0,0,0,0,0,0,0,0,0,0,0,0,0,0,0,0,0,0,0,5
"135","Diospyros parviflora","Ebenaceae","endemic","fruit","endozoochory",NA,22,NA,16,NA,NA,0,0,0,0,0,0,0,0,0,0,0,0,0,0,3,0,3,0,0,0,0
"136","Diospyros rufotomentosa","Ebenaceae","endemic","fruit","endozoochory",13,18,13,20,NA,NA,0,0,0,0,0,0,0,0,0,0,2,0,3,0,0,0,0,0,0,0,0
"137","Diospyros samoensis","Ebenaceae","native","fruit","endozoochory",NA,35,NA,NA,NA,NA,46,2,25,8,0,9,2,43,32,0,1,48,10,0,1,18,13,0,0,0,0
"138","Diospyros tireliae","Ebenaceae","endemic","fruit","endozoochory",NA,15,NA,13,NA,NA,1,0,5,0,0,2,5,16,0,0,4,0,0,0,0,0,0,0,0,0,0
"139","Diospyros trisulca","Ebenaceae","endemic","fruit","endozoochory",18,NA,15,NA,NA,NA,4,0,3,1,0,0,0,0,1,0,0,0,0,0,0,0,1,0,0,0,0
"140","Diospyros vieillardii","Ebenaceae","endemic","fruit","endozoochory",NA,12,NA,NA,NA,NA,0,0,0,0,0,0,0,0,0,0,0,0,0,0,0,0,0,2,0,0,0
"141","Dracophyllum verticillatum","Ericaceae","endemic","seed","barochory",NA,NA,NA,NA,NA,NA,0,0,0,0,0,0,0,0,0,0,0,0,0,0,0,0,0,0,2,0,0
"142","Drypetes deplanchei","Putranjivaceae","native","fruit","endozoochory",11,13,6,7,NA,NA,0,0,0,0,0,2,0,0,0,0,0,0,0,0,0,0,0,0,0,0,0
"143","Duboisia myoporoides","Solanaceae","native","fruit","endozoochory",4,NA,NA,NA,NA,NA,1,0,0,0,0,0,0,0,0,0,0,0,0,0,0,0,0,0,0,0,0
"144","Dutaillyea amosensis","Rutaceae","endemic","fruit","endozoochory",15,20,NA,NA,NA,NA,0,1,2,0,0,0,0,0,0,0,0,0,0,0,0,0,0,0,0,0,0
"145","Elaeocarpus alaternoides","Elaeocarpaceae","endemic","fruit","endozoochory",10,18,8,12,NA,NA,0,0,0,0,0,0,0,0,0,0,0,0,0,0,0,0,0,0,0,1,0
"146","Elaeocarpus angustifolius","Elaeocarpaceae","native","fruit","endozoochory",10,20,NA,NA,NA,NA,0,0,0,0,0,0,0,0,8,4,3,0,0,41,23,0,0,0,0,0,0
"147","Elaeocarpus dognyensis","Elaeocarpaceae","endemic","fruit","endozoochory",15,12,NA,NA,NA,NA,0,0,0,0,0,0,0,1,0,0,0,0,0,0,0,0,0,0,0,0,0
"148","Elaeocarpus guillainii","Elaeocarpaceae","endemic","fruit","endozoochory",20,30,12,18,NA,NA,1,0,0,0,0,0,0,0,0,0,0,0,0,0,3,1,0,0,0,0,0
"149","Elaeocarpus leratii","Elaeocarpaceae","endemic","fruit","endozoochory",30,40,20,25,NA,NA,0,0,0,0,0,0,0,0,0,0,0,0,1,0,0,0,0,0,0,0,0
"150","Elaeocarpus moratii","Elaeocarpaceae","endemic","fruit","endozoochory",50,NA,45,NA,NA,NA,0,0,0,0,0,0,0,0,0,0,0,0,0,0,0,0,0,0,0,0,1
"151","Elaeocarpus nodosus","Elaeocarpaceae","endemic","fruit","endozoochory",20,NA,18,NA,NA,NA,0,0,0,0,1,0,0,0,0,0,0,0,0,0,0,0,0,0,0,0,0
"152","Elaeocarpus ovigerus","Elaeocarpaceae","endemic","fruit","endozoochory",40,NA,25,NA,NA,NA,0,0,0,0,0,0,0,0,0,0,0,0,0,0,0,0,0,0,0,0,1
"153","Elaeocarpus rotundifolius","Elaeocarpaceae","endemic","fruit","endozoochory",15,NA,10,NA,NA,NA,0,0,0,0,0,0,0,0,0,0,0,0,0,0,0,0,0,50,0,0,0
"154","Elaeocarpus speciosus","Elaeocarpaceae","endemic","fruit","endozoochory",25,40,18,30,NA,NA,2,0,0,0,0,0,0,0,0,0,2,2,0,0,15,0,0,0,0,0,0
"155","Elaeocarpus toninensis","Elaeocarpaceae","endemic","fruit","endozoochory",17,NA,11,NA,NA,NA,0,0,1,0,1,0,0,0,0,0,0,0,0,0,0,0,0,0,0,0,0
"156","Elaeocarpus vieillardii","Elaeocarpaceae","endemic","fruit","endozoochory",20,NA,12,NA,NA,NA,0,0,0,0,0,0,0,0,0,0,0,1,0,0,3,0,0,0,0,0,0
"157","Elaeocarpus yateensis","Elaeocarpaceae","endemic","fruit","endozoochory",10,40,NA,NA,NA,NA,0,0,0,0,0,0,0,0,0,0,0,0,1,0,0,0,0,0,0,4,0
"158","Elattostachys apetala","Sapindaceae","native","seed","endozoochory",NA,NA,NA,NA,NA,NA,2,0,0,7,0,17,21,11,11,0,2,3,0,2,27,4,0,0,0,0,0
"159","Endiandra baillonii","Lauraceae","endemic","fruit","endozoochory",35,130,20,70,NA,NA,0,0,0,2,0,0,0,0,0,0,0,0,8,0,0,0,0,0,0,0,0
"160","Endiandra polyneura","Lauraceae","endemic","fruit","endozoochory",NA,30,NA,50,NA,NA,0,0,0,1,0,0,0,2,1,0,30,0,0,0,0,10,0,0,0,0,0
"161","Endiandra sebertii","Lauraceae","endemic","fruit","endozoochory",15,NA,50,NA,NA,NA,0,0,0,0,1,0,0,0,0,0,0,0,0,0,0,0,0,0,0,2,0
"162","Eugenia brongniartiana","Myrtaceae","endemic","fruit","endozoochory",17.4,44.4,7.1,15.7,NA,NA,0,0,0,0,0,0,1,0,0,0,0,0,0,0,1,0,0,0,0,0,0
"163","Eugenia mouensis","Myrtaceae","endemic","fruit","endozoochory",20,25,30,35,NA,NA,0,0,0,0,0,0,0,0,0,0,0,0,0,0,2,0,0,0,0,0,0
"164","Eugenia ovigera","Myrtaceae","endemic","fruit","endozoochory",13,30,12,20,NA,NA,0,0,0,0,0,0,0,0,0,0,0,0,1,0,1,0,0,0,0,0,0
"165","Eugenia paludosa","Myrtaceae","endemic","fruit","endozoochory",18.7,28,18.5,26.6,NA,NA,0,0,0,0,0,0,0,0,0,0,0,0,0,0,0,0,6,0,0,0,0
"166","Eumachia collina","Rubiaceae","endemic","fruit","endozoochory",6,6.1,5.7,6,NA,NA,6,2,1,7,0,0,0,4,0,0,0,0,0,0,0,1,2,0,0,0,0
"167","Euroschinus elegans","Anacardiaceae","endemic","fruit","endozoochory",NA,10,NA,6,NA,NA,3,0,0,0,0,0,0,0,0,0,0,0,7,0,0,0,0,0,0,0,0
"168","Euroschinus obtusifolius","Anacardiaceae","endemic","fruit","endozoochory",NA,8,NA,5,NA,NA,0,0,0,0,0,19,7,0,0,1,1,0,0,0,0,0,0,0,0,0,0
"169","Euroschinus verrucosus","Anacardiaceae","endemic","fruit","endozoochory",15,NA,6,NA,4,NA,0,0,0,0,0,0,0,0,0,0,25,0,0,0,0,0,0,0,0,0,0
"170","Euroschinus vieillardii","Anacardiaceae","endemic","fruit","endozoochory",10,12,7,8,5,NA,0,0,2,0,0,0,0,0,0,0,0,3,0,0,5,3,0,0,0,0,0
"171","Fagraea berteroana","Gentianaceae","native","fruit","endozoochory",45,NA,NA,NA,NA,NA,0,0,1,0,0,0,0,0,0,0,0,0,0,0,14,0,1,0,0,0,0
"172","Falcatifolium taxoides","Podocarpaceae","endemic","seed","endozoochory",4.7,7.4,2.7,4.8,NA,NA,0,0,0,0,0,0,0,0,0,0,0,0,0,0,0,0,0,0,2,0,0
"173","Ficus austrocaledonica","Moraceae","endemic","fruit","endozoochory",17,NA,15,20,NA,NA,0,0,0,3,2,0,0,0,0,0,1,1,0,0,0,0,4,4,0,0,0
"174","Ficus habrophylla","Moraceae","endemic","fruit","endozoochory",NA,NA,20,50,NA,NA,0,0,0,0,0,3,1,0,2,1,7,0,0,9,22,2,5,2,0,0,0
"175","Ficus leiocarpa","Moraceae","endemic","fruit","endozoochory",40,45,30,33,NA,NA,0,0,0,3,0,0,0,0,2,0,0,0,0,0,0,0,0,0,0,0,0
"176","Ficus mutabilis","Moraceae","endemic","fruit","endozoochory",NA,NA,10,12,NA,NA,0,0,0,0,0,0,0,0,0,0,0,0,0,1,0,0,0,0,0,0,0
"177","Ficus nitidifolia","Moraceae","endemic","fruit","endozoochory",9,12,NA,NA,NA,NA,0,0,0,0,0,0,0,0,0,0,0,0,3,0,0,0,0,0,0,0,0
"178","Ficus obliqua","Moraceae","native","fruit","endozoochory",6,13,NA,NA,NA,NA,0,0,0,5,0,4,4,1,3,0,1,0,0,3,8,4,0,0,0,0,0
"179","Ficus otophora","Moraceae","endemic","fruit","endozoochory",13,NA,20,NA,NA,NA,5,25,0,9,0,0,0,0,0,0,0,1,0,0,1,0,0,0,0,0,1
"180","Ficus pancheriana","Moraceae","endemic","fruit","endozoochory",12,15,NA,NA,NA,NA,0,0,1,9,0,0,0,0,0,0,0,0,0,0,0,2,0,0,0,0,0
"181","Ficus racemigera","Moraceae","endemic","fruit","endozoochory",8,13,NA,NA,NA,NA,7,8,4,22,0,0,0,4,12,0,2,3,0,0,1,22,9,0,0,0,1
"182","Ficus versicolor","Moraceae","endemic","fruit","endozoochory",9,11,7,9,NA,NA,0,0,0,11,0,0,0,0,0,0,0,0,0,0,0,2,0,0,0,0,0
"183","Ficus vieillardiana","Moraceae","endemic","fruit","endozoochory",7,10,NA,NA,NA,NA,10,0,19,0,4,0,0,0,0,0,0,8,0,0,0,4,2,0,0,0,0
"184","Ficus virgata","Moraceae","native","fruit","endozoochory",10,17,7,18,NA,NA,0,1,0,0,0,0,0,0,0,0,0,0,0,0,0,0,0,0,0,0,0
"185","Flindersia fournieri","Rutaceae","endemic","seed","anemochory",4.7,13.8,NA,NA,NA,NA,96,0,0,0,0,0,0,0,0,0,4,0,19,0,3,0,0,0,0,0,0
"186","Fontainea pancheri","Euphorbiaceae","native","fruit","endozoochory",20,40,15,30,NA,NA,0,0,0,0,0,0,0,0,0,4,0,0,0,0,0,0,0,0,0,0,0
"187","Garcinia amplexicaulis","Clusiaceae","endemic","fruit","endozoochory",17,27.3,14.5,33,NA,NA,0,1,0,0,0,0,0,0,0,0,0,0,0,0,0,0,2,0,0,0,0
"188","Garcinia balansae","Clusiaceae","endemic","fruit","endozoochory",4.8,18.4,3.4,17.9,NA,NA,2,0,16,0,1,0,0,0,0,0,4,9,12,0,1,0,0,1,0,0,0
"189","Garcinia densiflora","Clusiaceae","endemic","fruit","endozoochory",2.5,25.7,2.1,22.4,NA,NA,0,0,0,2,0,56,51,15,36,0,1,0,0,0,7,0,15,0,0,0,0
"190","Garcinia hennecartii","Clusiaceae","endemic","seed","endozoochory",NA,NA,NA,NA,NA,NA,0,0,0,0,0,0,0,0,0,0,0,0,1,0,0,0,0,0,0,0,0
"191","Garcinia neglecta","Clusiaceae","endemic","seed","endozoochory",6.8,14.5,NA,NA,NA,NA,5,0,16,0,0,6,9,13,0,0,3,3,24,2,10,2,7,26,0,0,4
"192","Garcinia pedicellata","Clusiaceae","endemic","fruit","endozoochory",30,NA,NA,NA,NA,NA,0,0,0,0,0,0,0,0,0,0,0,0,0,0,0,0,0,1,0,0,0
"193","Garcinia puat","Clusiaceae","endemic","fruit","endozoochory",7,30,6,22.4,NA,NA,17,6,17,7,0,5,13,34,4,0,1,22,0,0,1,15,12,5,0,0,0
"194","Garcinia vieillardii","Clusiaceae","endemic","fruit","endozoochory",22,NA,NA,NA,NA,NA,0,1,0,0,0,0,0,0,0,0,0,381,0,0,0,0,0,0,0,0,0
"195","Garcinia virgata","Clusiaceae","endemic","seed","endozoochory",8,11,3,5,NA,NA,8,1,6,2,0,0,0,1,0,0,0,31,0,0,0,1,0,0,0,0,0
"196","Gardenia aubryi","Rubiaceae","endemic","seed","endozoochory",NA,NA,NA,NA,NA,NA,0,0,0,0,0,0,0,0,0,0,1,0,6,0,0,0,0,0,0,0,0
"197","Gardenia oudiepe","Rubiaceae","endemic","seed","endozoochory",3.4,5.1,3.6,4.9,NA,NA,19,7,27,0,0,5,2,16,1,0,0,0,0,0,0,14,7,0,0,0,0
"198","Gastrolepis austrocaledonica","Stemonuraceae","endemic","fruit","endozoochory",15,NA,6,NA,NA,NA,0,0,2,0,45,0,0,0,0,0,0,0,34,0,0,0,0,0,0,1,0
"199","Geijera balansae","Rutaceae","endemic","seed","",3.7,4.5,4.7,6,NA,NA,0,0,0,0,0,406,1,8,10,0,7,0,0,0,0,0,0,0,0,0,0
"200","Geissois montana","Cunoniaceae","endemic","seed","anemochory",5.1,NA,6.6,NA,NA,NA,0,0,0,0,0,0,0,0,0,0,0,8,0,0,0,0,0,0,0,0,0
"201","Geissois racemosa","Cunoniaceae","endemic","seed","anemochory",NA,6,NA,2,NA,NA,0,0,0,0,0,0,0,0,1,0,4,0,0,2,52,2,6,0,0,0,0
"202","Gmelina evoluta","Lamiaceae","endemic","fruit","endozoochory",15,NA,12,NA,NA,NA,0,0,0,0,0,0,0,0,0,0,0,0,0,0,0,0,0,1,0,0,0
"203","Gmelina magnifica","Lauraceae","endemic","fruit","endozoochory",35,NA,NA,NA,NA,NA,0,0,0,0,0,0,0,0,0,0,0,13,0,0,0,0,0,0,0,0,0
"204","Gongrodiscus bilocularis","Sapindaceae","endemic","seed","endozoochory",9,12,5.5,7,NA,NA,0,1,9,0,195,0,0,0,0,0,0,0,7,0,0,0,0,0,0,0,0
"205","Gongrodiscus parvifolius","Sapindaceae","endemic","seed","endozoochory",9.5,NA,5.5,NA,NA,NA,0,0,0,0,3,0,0,0,0,0,0,0,0,0,0,0,0,0,0,0,0
"206","Gongrodiscus sufferrugineus","Sapindaceae","endemic","seed","endozoochory",7,10,5.5,7.5,NA,NA,11,0,1,0,0,0,0,6,4,0,0,1,0,0,1,1,36,0,0,0,0
"207","Goniothalamus obtusatus","Annonaceae","endemic","fruit","endozoochory",29,54.5,22,30.5,NA,NA,0,0,0,0,0,0,0,0,0,0,0,1,0,0,0,0,0,0,0,0,0
"208","Gossia clusioides","Myrtaceae","endemic","fruit","endozoochory",7,17,7,15,NA,NA,2,0,0,0,0,0,0,0,0,0,0,0,0,0,0,0,0,0,0,0,0
"209","Gossia vieillardii","Myrtaceae","native","fruit","endozoochory",5,12,6.5,10,NA,NA,0,2,0,0,0,0,0,0,0,0,0,0,0,0,0,0,0,0,0,0,0
"210","Grevillea meisneri","Proteaceae","endemic","seed","anemochory",NA,NA,NA,NA,NA,NA,0,0,0,0,0,0,0,0,0,0,0,0,0,0,0,0,0,1,0,0,0
"211","Guettarda baladensis","Rubiaceae","endemic","fruit","endozoochory",11,13,10,11,NA,NA,0,2,20,1,0,0,0,0,0,0,12,2,0,0,0,2,0,0,0,0,6
"212","Guettarda eximia","Rubiaceae","endemic","fruit","endozoochory",24.1,48.8,20.4,37.7,NA,NA,0,0,0,0,0,0,0,0,0,0,0,0,30,0,0,0,0,0,0,0,0
"213","Guettarda splendens","Rubiaceae","endemic","fruit","endozoochory",27,NA,NA,NA,NA,NA,0,0,0,0,0,0,0,0,0,0,0,0,1,0,0,0,0,0,0,0,0
"214","Guettarda wagapensis","Rubiaceae","endemic","fruit","endozoochory",16.2,40.1,9.1,29,NA,NA,17,0,32,2,0,0,0,4,0,0,0,2,0,0,0,0,9,0,0,0,0
"215","Guioa crenata","Sapindaceae","endemic","seed","endozoochory",8,8.8,4.5,7,NA,NA,0,0,0,0,0,0,0,0,0,0,0,0,0,0,0,0,0,0,0,1,0
"216","Guioa glauca","Sapindaceae","endemic","seed","endozoochory",6.7,9.2,4.8,6.5,NA,NA,2,0,5,0,1,3,0,7,0,0,0,0,14,0,2,1,0,0,0,2,0
"217","Guioa microsepala","Sapindaceae","endemic","seed","endozoochory",6.8,10,5,6.5,NA,NA,0,18,0,0,0,0,0,0,0,0,0,3,0,0,0,0,0,0,0,1,54
"218","Guioa ovalis","Sapindaceae","native","seed","endozoochory",14,15,10,10.8,NA,NA,11,32,10,2,0,1,1,0,1,0,0,1,0,0,0,7,15,0,1,0,4
"219","Guioa villosa","Sapindaceae","endemic","seed","endozoochory",6.2,8.9,4.4,5.7,NA,NA,4,0,2,0,0,0,1,1,0,0,0,0,1,0,0,0,48,0,0,0,0
"220","Gymnostoma chamaecyparis","Casuarinaceae","endemic","seed","anemochory",NA,NA,NA,NA,NA,NA,0,0,0,0,0,0,0,0,0,0,0,0,0,0,0,0,0,13,0,0,0
"221","Gymnostoma intermedium","Casuarinaceae","endemic","fruit","anemochory",NA,NA,NA,NA,NA,NA,0,0,0,0,160,0,0,0,0,0,0,0,0,0,0,0,0,0,0,0,0
"222","Gyrocarpus americanus","Hernandiaceae","native","fruit","anemochory",15,20,10,15,NA,NA,0,0,0,0,0,0,0,0,0,29,0,0,0,0,0,0,0,0,0,0,0
"223","Halfordia kendack","Rutaceae","native","fruit","endozoochory",8,12,NA,NA,NA,NA,0,0,0,0,0,0,0,0,0,0,0,0,0,0,1,0,0,0,0,0,0
"224","Harpullia austrocaledonica","Sapindaceae","endemic","seed","endozoochory",NA,NA,NA,NA,NA,NA,0,0,9,0,0,6,3,1,0,0,4,3,0,1,0,2,0,0,0,0,0
"225","Hedycarya chrysophylla","Monimiaceae","endemic","fruit","endozoochory",5,8,NA,NA,NA,NA,0,0,1,0,0,0,0,0,0,0,0,0,0,0,0,0,0,0,0,0,0
"226","Hedycarya cupulata","Monimiaceae","endemic","fruit","endozoochory",3,10,NA,NA,NA,NA,34,65,33,8,0,0,1,2,3,0,18,27,0,40,35,20,52,0,0,0,4
"227","Hedycarya engleriana","Monimiaceae","endemic","fruit","endozoochory",7.5,9.5,NA,NA,NA,NA,5,22,0,12,0,0,0,3,1,0,1,21,0,0,16,19,25,0,0,0,2
"228","Hedycarya parvifolia","Monimiaceae","endemic","fruit","endozoochory",5,18,NA,NA,NA,NA,0,4,2,0,0,0,1,0,0,0,0,0,0,0,0,0,0,0,0,0,14
"229","Hernandia cordigera","Hernandiaceae","endemic","fruit","endozoochory",20,30,20,30,10,20,4,8,7,2,0,9,11,8,2,0,3,1,0,0,10,21,54,0,0,0,0
"230","Hibbertia emarginata","Dilleniaceae","endemic","seed","endozoochory",NA,NA,NA,NA,NA,NA,0,0,0,0,0,0,0,0,0,0,0,0,0,0,0,0,0,0,0,4,0
"231","Hibbertia lucens","Dilleniaceae","native","seed","endozoochory",NA,NA,NA,NA,NA,NA,0,0,0,0,0,0,0,0,0,0,0,0,24,0,0,0,0,1,3,0,0
"232","Hibbertia pancheri","Dilleniaceae","endemic","seed","endozoochory",NA,NA,NA,NA,NA,NA,0,0,0,0,1,0,0,0,0,0,0,0,0,0,0,0,0,0,0,0,0
"233","Hibbertia podocarpifolia","Dilleniaceae","endemic","seed","endozoochory",NA,NA,NA,NA,NA,NA,0,0,0,0,16,0,0,0,0,0,0,0,0,0,0,0,0,0,0,0,0
"234","Homalium decurrens","Salicaceae","endemic","seed","anemochory",NA,NA,NA,NA,NA,NA,0,0,0,0,0,0,0,0,0,0,0,2,0,0,0,0,0,0,0,0,0
"235","Homalium deplanchei","Salicaceae","endemic","seed","anemochory/barochory",NA,NA,NA,NA,NA,NA,0,0,0,0,0,2,0,0,0,2,0,0,0,365,0,0,43,0,0,0,0
"236","Homalium guillainii","Salicaceae","endemic","seed","anemochory/barochory",NA,NA,NA,NA,NA,NA,0,0,0,0,0,0,0,0,0,0,0,0,8,0,0,0,0,0,0,0,0
"237","Homalium intermedium","Salicaceae","endemic","seed","anemochory/barochory",NA,NA,NA,NA,NA,NA,0,0,1,0,0,0,0,0,0,0,0,0,0,0,0,1,0,0,0,0,0
"238","Huberantha nitidissima","Annonaceae","native","fruit","endozoochory",8,6,10,9,NA,NA,0,0,0,0,0,0,22,0,0,46,0,0,0,2,0,0,0,0,0,0,0
"239","Hunga gerontogea","Chrysobalanaceae","endemic","fruit","endozoochory",11,15,NA,NA,NA,NA,0,0,0,0,0,0,0,0,0,0,0,0,0,0,0,0,0,16,0,0,0
"240","Hunga rhamnoides","Chrysobalanaceae","endemic","fruit","endozoochory",17,22,NA,NA,NA,NA,0,0,0,0,0,0,0,0,0,0,2,0,0,0,0,0,0,0,0,0,0
"241","Ilex sebertii","Aquifoliaceae","endemic","fruit","endozoochory",6,13,5.3,13.2,NA,NA,6,0,0,0,25,0,0,0,0,0,0,2,10,0,7,4,1,0,0,0,2
"242","Jaffrea xerocarpa","Rhamnaceae","endemic","seed","endozoochory",2,3,1.5,2,NA,NA,0,0,0,0,0,0,0,0,0,0,0,0,1,0,0,0,0,0,2,7,0
"243","Kanakomyrtus longipetiolata","Myrtaceae","endemic","fruit","endozoochory",6,14,5,10,NA,NA,0,1,0,0,0,0,0,0,0,0,0,0,0,0,0,0,0,0,0,0,1
"244","Kermadecia elliptica","Proteaceae","endemic","fruit","endozoochory",45,55,25,30,NA,NA,0,0,0,0,0,1,0,1,0,0,1,0,0,0,0,0,0,0,0,0,0
"245","Kermadecia rotundifolia","Proteaceae","endemic","fruit","endozoochory",35,45,21,27,NA,NA,9,4,0,0,0,0,9,5,15,0,45,18,0,0,0,6,0,0,0,0,1
"246","Kermadecia sinuata","Proteaceae","endemic","fruit","endozoochory",40,50,25,30,NA,NA,0,0,15,2,0,0,0,18,1,0,0,0,0,0,9,27,0,0,0,0,0
"247","Kibaropsis caledonica","Monimiaceae","endemic","fruit","endozoochory",18,20,15,NA,10,NA,0,0,8,1,0,0,0,0,0,0,0,0,0,0,0,0,0,0,0,0,2
"248","Lasiochlamys reticulata","Salicaceae","endemic","fruit","endozoochory",NA,NA,NA,NA,NA,NA,0,0,2,0,0,0,0,0,0,0,0,0,0,0,0,0,0,0,0,0,0
"249","Lethedon balansae","Thymelaeaceae","endemic","seed","endozoochory",NA,NA,NA,NA,NA,NA,0,0,0,0,0,0,0,0,0,0,0,0,0,0,0,0,0,0,0,1,8
"250","Lethedon cernua","Thymelaeaceae","endemic","seed","endozoochory",NA,NA,NA,NA,NA,NA,0,0,0,0,2,0,0,0,0,0,0,0,0,0,0,0,0,0,0,0,0
"251","Libocedrus austrocaledonica","Cupressaceae","endemic","seed","anemochory",6,NA,2.5,NA,NA,NA,0,0,0,0,0,0,0,0,0,0,0,0,0,0,0,0,0,0,2,0,0
"252","Macaranga alchorneoides","Euphorbiaceae","endemic","seed","barochory",7,9,NA,NA,NA,NA,0,0,0,0,0,0,0,0,0,0,0,0,0,0,2,0,41,0,0,0,0
"253","Macaranga coriacea","Euphorbiaceae","endemic","seed","barochory",3,4.5,NA,NA,NA,NA,0,0,0,0,0,0,0,0,0,0,0,0,0,0,0,0,0,1,0,0,0
"254","Macaranga corymbosa","Euphorbiaceae","endemic","seed","barochory",4,4.5,NA,NA,NA,NA,8,0,29,0,0,0,0,0,1,0,0,0,0,0,1,4,7,0,0,0,0
"255","Mallotus repandus","Euphorbiaceae","native","seed","endozoochory",4,5,NA,NA,NA,NA,0,0,0,0,0,0,0,0,0,3,0,0,0,0,0,0,0,0,0,0,0
"256","Mammea neurophylla","Calophyllaceae","endemic","fruit","endozoochory",5.6,42.5,2.3,26,NA,NA,0,0,0,0,0,0,0,0,14,1,0,0,0,0,0,0,0,0,0,0,0
"257","Maxwellia lepidota","Malvaceae","endemic","fruit","anemochory",30,NA,15,20,NA,NA,0,0,0,0,0,0,0,0,0,0,0,0,4,0,0,0,0,16,0,0,0
"258","Meiogyne baillonii","Annonaceae","endemic","fruit","endozoochory",8,50,8,18,NA,NA,0,0,0,5,0,0,0,0,2,0,0,0,0,0,0,0,1,0,0,0,0
"259","Meiogyne lecardii","Annonaceae","endemic","fruit","endozoochory",17,30,16,26,NA,NA,0,0,0,0,0,0,0,0,0,0,0,0,0,0,0,2,0,0,0,0,0
"260","Meiogyne punctulata","Annonaceae","endemic","fruit","endozoochory",10,90,8,30,NA,NA,0,0,0,0,0,0,0,0,0,0,0,0,0,0,5,0,0,0,0,0,0
"261","Melaleuca quinquenervia","Myrtaceae","native","seed","anemochory",1.2,NA,0.3,NA,NA,NA,0,0,0,0,0,0,0,0,0,0,0,0,0,0,8,0,0,72,0,0,0
"262","Meryta balansae","Araliaceae","endemic","fruit","endozoochory",5,7.2,3.6,6.3,NA,NA,0,0,1,7,0,0,0,0,2,0,0,0,0,0,0,1,0,0,0,0,3
"263","Meryta oxylaena","Araliaceae","endemic","fruit","endozoochory",3,NA,NA,NA,NA,NA,0,0,0,2,0,0,0,0,0,0,0,0,0,0,0,0,0,0,0,0,0
"264","Meryta pedunculata","Araliaceae","endemic","fruit","endozoochory",6,NA,NA,NA,NA,NA,0,0,0,0,0,0,0,0,0,0,0,0,0,0,0,0,0,0,0,0,1
"265","Metrosideros brevistylis","Myrtaceae","endemic","seed","anemochory",1.2,NA,0.3,NA,NA,NA,0,0,0,0,0,0,0,0,0,0,0,0,0,0,0,0,0,0,0,0,15
"266","Metrosideros engleriana","Myrtaceae","endemic","seed","barochory",1.7,NA,0.6,NA,NA,NA,0,0,0,0,0,0,0,0,0,0,0,0,0,0,0,0,0,0,1,8,0
"267","Metrosideros laurifolia","Myrtaceae","endemic","seed","anemochory",2.5,3,0.7,1,NA,NA,0,0,1,0,9,0,0,0,0,0,0,2,0,0,7,1,1,0,7,0,0
"268","Metrosideros nitida","Myrtaceae","endemic","seed","anemochory/barochory",2,NA,0.3,NA,NA,NA,0,0,0,0,49,0,0,0,0,0,0,0,0,0,0,0,0,0,6,0,0
"269","Metrosideros operculata","Myrtaceae","endemic","seed","anemochory/barochory",0.8,NA,0.3,NA,NA,NA,0,0,0,0,0,0,0,0,0,0,0,0,0,0,0,0,0,3,0,0,0
"270","Metrosideros tardiflora","Myrtaceae","endemic","seed","anemochory",3.5,NA,1,NA,NA,NA,0,0,0,0,0,0,0,0,0,0,0,0,0,0,0,0,0,0,0,0,26
"271","Mimusops elengi","Sapotaceae","native","fruit","endozoochory",NA,25,NA,15,NA,NA,0,0,0,0,0,0,0,0,0,3,0,0,0,0,0,0,0,0,0,0,0
"272","Montrouziera cauliflora","Clusiaceae","endemic","fruit","endozoochory",7,40,6.4,21,NA,NA,1,3,15,5,16,0,0,1,0,0,0,0,0,0,0,5,0,0,0,0,25
"273","Montrouziera gabriellae","Clusiaceae","endemic","fruit","endozoochory",44,83,38,56,NA,NA,0,0,0,0,0,0,0,0,0,0,0,0,0,0,0,0,0,0,0,12,0
"274","Montrouziera sphaeroidea","Clusiaceae","endemic","seed","endozoochory",16,NA,10,NA,8,NA,0,0,0,0,0,0,0,0,0,0,0,0,4,0,0,0,0,0,0,0,0
"275","Myodocarpus fraxinifolius","Myodocarpaceae","endemic","fruit","anemochory",5.9,14.1,4.8,13.2,NA,NA,0,0,0,0,99,0,0,0,0,0,0,0,11,0,0,0,0,0,0,23,0
"276","Myodocarpus gracilis","Myodocarpaceae","endemic","fruit","anemochory",NA,NA,NA,NA,NA,NA,0,0,0,0,0,0,0,0,0,0,0,0,0,0,0,0,0,0,0,65,0
"277","Myodocarpus involucratus","Myodocarpaceae","endemic","fruit","anemochory",84.6,121.3,56.8,112.3,NA,NA,0,0,0,0,0,0,0,0,0,0,0,0,1,0,0,0,0,0,0,0,0
"278","Myodocarpus pinnatus","Myodocarpaceae","endemic","fruit","anemochory",NA,NA,NA,NA,NA,NA,5,0,14,0,0,0,0,0,0,0,0,0,0,0,0,1,0,0,0,0,19
"279","Myodocarpus simplicifolius","Myodocarpaceae","endemic","fruit","anemochory",NA,NA,NA,NA,NA,NA,0,0,0,0,0,0,0,0,0,0,0,0,0,0,0,0,0,0,10,0,0
"280","Myodocarpus vieillardii","Myodocarpaceae","endemic","fruit","anemochory",NA,NA,NA,NA,NA,NA,0,0,0,0,1,0,0,0,0,0,0,0,0,0,0,0,0,0,0,0,0
"281","Myrsine arborea","Primulaceae","endemic","fruit","endozoochory",3,4,NA,NA,NA,NA,0,4,2,0,0,0,0,0,0,0,0,2,0,0,0,0,0,0,0,0,0
"282","Myrsine asymmetrica","Primulaceae","endemic","fruit","endozoochory",2,4,NA,NA,NA,NA,0,0,0,0,3,0,0,0,0,0,0,0,0,0,1,0,0,0,0,0,19
"283","Myrsine citrifolia","Primulaceae","endemic","fruit","endozoochory",6,10,NA,NA,NA,NA,1,3,29,0,0,14,52,29,82,0,0,4,0,0,0,0,0,0,0,0,35
"284","Myrsine lanceolata","Primulaceae","endemic","fruit","endozoochory",6,8,NA,NA,NA,NA,0,0,0,0,0,0,0,0,0,0,0,0,2,0,0,0,0,0,0,0,0
"285","Myrsine modesta","Primulaceae","native","fruit","endozoochory",2.5,4,NA,NA,NA,NA,0,0,0,1,0,0,0,1,2,0,0,0,0,0,0,0,0,0,0,0,0
"286","Myrsine ovicarpa","Primulaceae","endemic","fruit","endozoochory",8,15,14,19,NA,NA,0,0,0,0,0,0,0,0,0,0,0,0,4,0,0,0,0,0,0,0,0
"287","Myrsine parvicarpa","Primulaceae","endemic","fruit","endozoochory",3,4,NA,NA,NA,NA,0,0,6,0,6,0,0,0,0,0,0,0,0,0,0,0,0,0,0,1,0
"288","Nemuaron vieillardii","Atherospermataceae","endemic","fruit","endozoochory",6.5,12.3,4.8,7.7,NA,NA,0,0,0,4,192,0,0,0,0,0,0,0,0,0,0,0,0,0,31,14,0
"289","Neoguillauminia cleopatra","Euphorbiaceae","endemic","seed","endozoochory",6,7,4,6,NA,NA,0,0,0,0,0,0,0,0,0,0,0,0,8,0,0,0,0,0,0,0,0
"290","Neuburgia novocaledonica","Loganiaceae","native","fruit","endozoochory",20,22,9,11,NA,NA,7,4,6,26,0,0,0,0,4,0,4,12,0,0,5,10,13,0,0,0,0
"291","Nothofagus aequilateralis","Nothofagaceae","endemic","seed","anemochory",10,14,8,13,NA,NA,0,0,55,0,0,0,0,0,0,0,0,0,2,0,0,0,0,0,0,0,0
"292","Nothofagus balansae","Nothofagaceae","endemic","seed","anemochory",12,18,10,18,NA,NA,0,0,0,0,0,0,0,0,0,0,0,0,0,0,0,0,0,0,578,734,0
"293","Ochrosia balansae","Apocynaceae","endemic","fruit","endozoochory/hydrochory",30,NA,NA,35,NA,10,0,0,0,0,18,0,0,0,0,0,0,0,0,0,0,0,0,0,0,0,0
"294","Ochrosia brevituba","Apocynaceae","endemic","fruit","endozoochory",40,NA,30,NA,30,NA,0,0,2,0,0,0,0,0,0,0,0,0,0,0,0,0,0,0,0,0,0
"295","Ochrosia grandiflora","Apocynaceae","endemic","fruit","endozoochory/hydrochory",45,NA,25,NA,8,10,0,0,0,0,0,0,12,6,10,0,0,0,0,0,17,0,0,0,0,0,0
"296","Ochrosia miana","Apocynaceae","endemic","fruit","endozoochory/hydrochory",50,NA,40,NA,35,NA,0,0,0,0,15,0,0,0,0,0,2,0,4,0,0,0,0,0,0,0,0
"297","Olea paniculata","Oleaceae","native","fruit","endozoochory",12,15,5,6,NA,NA,0,0,0,0,0,1,10,0,2,9,0,0,0,83,4,0,0,0,0,0,0
"298","Oncotheca balansae","Oncothecaceae","endemic","fruit","endozoochory",15,20,8,12,NA,NA,0,0,4,0,0,0,0,0,0,0,0,0,0,0,0,0,0,0,0,0,0
"299","Oncotheca humboldtiana","Oncothecaceae","endemic","fruit","endozoochory",19,36,21,24,NA,NA,0,0,1,0,1,0,0,0,0,0,0,0,9,0,0,0,0,0,0,0,0
"300","Osmanthus austrocaledonicus","Oleaceae","endemic","fruit","endozoochory",7,12,4,7,NA,NA,0,0,0,0,5,0,0,0,0,0,0,0,0,0,1,0,0,0,0,0,0
"301","Osmanthus cymosus","Oleaceae","endemic","fruit","endozoochory",20,NA,12,NA,NA,NA,0,0,0,0,7,0,0,0,0,0,0,0,0,0,0,0,0,0,1,14,0
"302","Pancheria ajiearoana","Cunoniaceae","endemic","seed","anemochory",NA,NA,NA,NA,NA,NA,0,0,0,0,0,0,0,0,0,0,0,0,0,0,0,0,0,0,1,0,0
"303","Pancheria brunhesii","Cunoniaceae","endemic","seed","anemochory",1,NA,0.5,NA,NA,NA,0,0,2,0,0,0,0,0,0,0,0,0,0,0,0,0,0,0,0,0,0
"304","Pancheria reticulata","Cunoniaceae","endemic","seed","anemochory",3.5,NA,1.3,NA,NA,NA,0,0,0,0,10,0,0,0,0,0,0,0,0,0,0,0,0,0,2,1,0
"305","Pancheria ternata","Cunoniaceae","endemic","seed","anemochory",3,NA,1,NA,NA,NA,2,0,0,0,35,0,0,0,0,0,0,0,1,0,1,1,0,0,0,0,0
"306","Paracryphia alticola","Paracryphiaceae","endemic","seed","anemochory",1.5,2.5,NA,NA,NA,NA,0,0,0,0,0,0,0,0,0,0,0,0,0,0,0,0,0,0,0,0,37
"307","Phelline barrierei","Phellinaceae","endemic","fruit","endozoochory",7,8,8,9,NA,NA,0,0,0,0,0,0,0,0,0,0,0,0,0,0,0,0,0,0,2,0,0
"308","Phyllanthus billardierei","Phyllanthaceae","endemic","seed","endozoochory",4,NA,3,NA,NA,NA,22,7,12,3,0,3,0,7,0,0,0,3,0,0,1,2,12,0,0,0,0
"309","Phyllanthus caledonicus","Phyllanthaceae","endemic","seed","endozoochory",3.5,NA,3,NA,3,NA,0,0,0,0,0,0,0,0,1,0,0,0,0,0,0,0,0,0,0,0,0
"310","Phyllanthus deplanchei","Phyllanthaceae","endemic","fruit","endozoochory",3,5,NA,NA,NA,NA,0,0,0,0,0,1,0,0,0,0,0,0,0,0,0,0,0,0,0,0,0
"311","Pichonia daenikeri","Sapotaceae","endemic","fruit","endozoochory",14,16,NA,NA,NA,NA,0,0,0,0,0,0,0,0,0,0,0,0,0,0,0,0,0,1,0,0,0
"312","Picrella glandulosa","Rutaceae","endemic","fruit","endozoochory",3,4.5,NA,NA,NA,NA,0,0,0,0,0,0,0,1,0,0,0,0,0,1,1,2,0,0,0,0,0
"313","Picrella ignambiensis","Rutaceae","endemic","fruit","endozoochory",2.5,3,NA,NA,NA,NA,0,0,0,0,0,0,0,0,0,0,0,0,0,0,0,0,0,0,0,0,1
"314","Pipturus argenteus","Urticaceae","native","fruit","endozoochory",4,8,NA,NA,NA,NA,0,0,0,0,0,0,0,0,0,2,0,0,0,0,0,0,0,0,0,0,0
"315","Pittosporum mackeei","Pittosporaceae","endemic","seed","endozoochory",NA,NA,NA,NA,NA,NA,0,0,0,0,0,0,0,1,0,0,0,0,0,0,0,0,0,0,0,0,0
"316","Pittosporum oreophilum","Pittosporaceae","endemic","seed","endozoochory",4,6,NA,NA,NA,NA,0,0,0,0,0,0,0,0,0,0,0,0,0,0,0,0,0,0,0,0,1
"317","Planchonella amieuana","Sapotaceae","endemic","fruit","endozoochory",NA,NA,NA,NA,NA,NA,0,0,0,0,0,0,0,0,0,0,0,1,0,0,0,0,0,0,0,0,0
"318","Planchonella endlicheri","Sapotaceae","endemic","fruit","endozoochory",40,40,20,30,NA,NA,6,0,27,0,0,1,0,0,13,0,7,0,75,0,3,0,0,0,0,0,0
"319","Planchonella kuebiniensis","Sapotaceae","endemic","fruit","endozoochory",26.1,42.1,6,13.3,NA,NA,0,0,0,0,0,0,0,0,0,0,0,0,13,0,0,0,0,0,0,0,0
"320","Planchonella luteocostata","Sapotaceae","endemic","fruit","endozoochory",25,33,15,22,NA,NA,0,0,0,0,0,0,0,0,0,3,0,0,0,0,0,0,0,0,0,0,0
"321","Planchonella roseoloba","Sapotaceae","endemic","fruit","endozoochory",45,50,22,32,NA,NA,0,0,0,0,0,0,0,0,0,0,0,0,0,0,0,0,3,0,0,0,0
"322","Planchonella rufocostata","Sapotaceae","endemic","fruit","endozoochory",43,NA,22,NA,NA,NA,1,0,8,0,0,0,0,0,0,0,0,0,0,0,0,0,0,0,0,0,0
"323","Planchonella sphaerocarpa","Sapotaceae","endemic","fruit","endozoochory",50,NA,NA,NA,NA,NA,0,0,20,0,0,1,1,5,0,0,6,7,0,0,0,11,13,0,0,0,0
"324","Planchonella thiensis","Sapotaceae","endemic","fruit","endozoochory",24.2,37.9,22.4,35.3,NA,NA,0,0,0,0,0,0,0,0,0,0,1,0,13,0,0,0,0,0,0,0,0
"325","Planchonella wakere","Sapotaceae","endemic","fruit","endozoochory",60,NA,30,40,NA,NA,0,0,0,0,21,9,20,14,1,0,12,3,0,0,0,0,0,0,0,0,0
"326","Pleiogynium timoriense","Anacardiaceae","native","fruit","endozoochory",20,25,20,38,NA,NA,0,0,0,0,0,0,0,0,0,16,0,0,0,0,0,0,0,0,0,0,0
"327","Pleioluma lasiantha","Sapotaceae","endemic","fruit","endozoochory",5,6,5,7,NA,NA,0,0,0,0,69,0,0,0,0,0,0,0,0,0,0,0,0,0,0,0,0
"328","Pleioluma longipetiolata","Sapotaceae","endemic","fruit","endozoochory",18,22,7.2,12.3,NA,NA,0,0,0,0,13,0,0,0,0,0,0,0,0,0,0,0,0,0,0,2,0
"329","Pleioluma novocaledonica","Sapotaceae","endemic","fruit","endozoochory",10,12,5,6,NA,NA,0,0,0,0,0,0,0,0,0,0,0,0,0,0,0,0,0,0,0,1,0
"330","Pleioluma rubicunda","Sapotaceae","endemic","fruit","endozoochory",25,NA,NA,NA,NA,NA,0,0,0,0,12,0,0,1,0,0,0,0,0,0,0,0,0,0,0,0,13
"331","Plerandra {gordonii}","Araliaceae","endemic","fruit","endozoochory",9,13,5,7,NA,NA,0,0,0,0,0,0,0,0,0,0,0,0,3,0,0,0,0,0,0,0,0
"332","Plerandra {moratiana}","Araliaceae","endemic","fruit","endozoochory",6,9,4.5,6.5,NA,NA,0,0,0,2,0,0,0,0,1,0,0,0,0,0,0,0,0,0,0,0,0
"333","Plerandra crassipes","Araliaceae","endemic","fruit","endozoochory",8,14,3.5,14,NA,NA,0,0,0,0,28,0,0,0,0,0,0,0,0,0,0,0,0,0,0,5,0
"334","Plerandra gabriellae","Araliaceae","endemic","fruit","endozoochory",11,28,10,21,NA,NA,16,10,43,25,0,3,8,5,9,0,1,3,0,11,4,30,24,0,0,0,0
"335","Plerandra leptophylla","Araliaceae","endemic","fruit","endozoochory",4,5,5,6,NA,NA,0,2,0,13,0,2,6,0,0,0,0,0,0,0,1,0,0,0,0,0,1
"336","Plerandra pancheri","Araliaceae","endemic","fruit","endozoochory",4.3,9.2,4.6,11.3,NA,NA,2,0,2,0,0,0,0,2,0,0,0,1,0,0,0,0,0,0,1,0,0
"337","Plerandra plerandroides","Araliaceae","endemic","fruit","endozoochory",5.3,9.5,5.7,11.9,NA,NA,1,1,0,0,0,0,0,2,0,0,2,0,0,0,0,0,3,0,0,0,2
"338","Plerandra taomensis","Araliaceae","endemic","fruit","endozoochory",8,10,4,7.5,NA,NA,0,0,0,0,0,0,0,0,0,0,0,0,0,0,0,0,0,0,1,0,0
"339","Pleurocalyptus pancheri","Myrtaceae","endemic","seed","barochory",NA,NA,NA,NA,NA,NA,0,0,0,0,0,0,0,0,0,0,0,0,84,0,0,0,0,0,0,0,0
"340","Pleurostylia opposita","Celastraceae","native","fruit","endozoochory",5,7,4,6,NA,NA,0,0,0,0,0,0,0,0,0,0,0,0,0,0,0,0,0,1,0,0,0
"341","Podocarpus lucienii","Podocarpaceae","endemic","seed","endozoochory",15,NA,10,NA,NA,NA,0,0,0,0,0,0,0,0,0,0,0,0,0,0,0,0,0,0,8,0,0
"342","Podocarpus polyspermus","Podocarpaceae","endemic","seed","endozoochory",8,NA,6,NA,NA,NA,0,0,0,0,0,0,0,0,0,0,0,0,0,0,0,0,0,0,1,0,0
"343","Podocarpus sylvestris","Podocarpaceae","endemic","seed","endozoochory",10,16,7,9,NA,NA,0,0,0,0,0,0,0,0,0,0,0,0,0,0,0,1,0,0,0,0,0
"344","Podonephelium concolor","Sapindaceae","endemic","seed","endozoochory",8,9.5,NA,NA,NA,NA,0,0,0,0,0,0,7,0,2,0,0,16,0,0,0,0,0,0,0,0,0
"345","Podonephelium pachycaule","Sapindaceae","endemic","seed","endozoochory",8,9.5,NA,NA,NA,NA,1,0,1,0,0,0,0,3,5,0,2,3,0,0,0,0,0,0,0,0,0
"346","Podonephelium subaequilaterum","Sapindaceae","endemic","seed","endozoochory",NA,NA,NA,NA,NA,NA,0,0,0,0,0,11,0,0,0,0,0,0,0,0,0,0,0,0,0,0,0
"347","Polyosma leratii","Escalloniaceae","endemic","fruit","endozoochory",5.6,13.2,4.8,13,NA,NA,0,5,0,0,0,0,0,0,0,0,0,0,0,0,0,0,0,0,0,0,0
"348","Polyosma spicata","Escalloniaceae","endemic","fruit","endozoochory",5,NA,NA,NA,NA,NA,0,0,0,0,0,0,0,0,0,0,0,0,0,0,0,0,0,0,0,0,7
"349","Polyscias bracteata","Araliaceae","endemic","fruit","endozoochory",3.5,6.5,4,5,NA,NA,0,20,1,1,0,0,2,0,0,0,0,0,0,1,0,3,1,0,0,0,0
"350","Polyscias cissodendron","Araliaceae","native","fruit","endozoochory",2.5,4.5,2.8,4,NA,NA,0,1,0,3,0,3,0,3,0,0,0,3,0,1,0,4,0,0,0,0,0
"351","Polyscias dioica","Araliaceae","endemic","fruit","endozoochory",3,6.5,3.5,6,NA,NA,0,0,0,0,1,0,0,0,0,0,0,0,22,0,0,0,0,0,4,1,0
"352","Polyscias lecardii","Araliaceae","endemic","fruit","endozoochory",3,5,2.5,4,NA,NA,0,0,0,0,0,0,0,0,1,0,0,0,0,0,0,0,0,0,0,0,0
"353","Psychotria canalensis","Rubiaceae","endemic","fruit","endozoochory",5,8,15,NA,NA,NA,0,0,0,0,0,0,0,0,2,0,0,0,0,0,0,0,0,0,0,0,0
"354","Pycnandra acuminata","Sapotaceae","endemic","fruit","endozoochory",25,40,15,20,NA,NA,0,0,0,0,0,0,0,0,0,0,0,0,39,0,0,0,0,0,0,0,0
"355","Pycnandra balansae","Sapotaceae","endemic","fruit","endozoochory",50,NA,15,NA,NA,NA,5,0,2,0,0,0,0,0,0,0,0,0,0,0,68,3,10,0,0,0,0
"356","Pycnandra benthamii","Sapotaceae","endemic","fruit","endozoochory",8,NA,NA,NA,NA,NA,0,0,0,0,0,0,0,0,0,0,0,0,0,0,0,0,0,0,0,0,8
"357","Pycnandra canaliculata","Sapotaceae","endemic","fruit","endozoochory",40,70,20,35,NA,NA,0,0,0,0,0,0,0,0,0,0,0,0,1,0,0,0,0,0,0,0,0
"358","Pycnandra carinocostata","Sapotaceae","endemic","fruit","endozoochory",10,20,7,10,NA,NA,0,0,0,0,0,0,0,0,0,0,0,0,0,0,0,0,0,0,37,2,0
"359","Pycnandra comptonii","Sapotaceae","endemic","fruit","endozoochory",26,44.1,13.2,27.4,NA,NA,0,76,12,18,0,0,0,0,0,0,0,0,0,0,0,59,0,0,0,0,0
"360","Pycnandra controversa","Sapotaceae","endemic","fruit","endozoochory",30,20,NA,NA,NA,NA,0,1,0,0,0,0,0,0,0,0,0,0,0,0,0,0,0,0,0,0,0
"361","Pycnandra fastuosa","Sapotaceae","endemic","fruit","endozoochory",35,67,20,40,NA,NA,0,0,0,0,0,0,0,0,0,0,0,0,16,0,0,0,0,0,0,0,0
"362","Pycnandra gordoniifolia","Sapotaceae","endemic","fruit","endozoochory",12.1,45,33.4,69.3,NA,NA,0,0,0,0,0,0,0,0,0,0,0,0,0,0,3,0,0,0,0,0,0
"363","Pycnandra pubiflora","Sapotaceae","endemic","fruit","endozoochory",25,35,20,25,NA,NA,0,0,0,0,0,0,0,0,0,0,0,0,1,0,0,0,0,0,0,0,0
"364","Pycnandra sarlinii","Sapotaceae","endemic","fruit","endozoochory",10,11,NA,NA,NA,NA,0,0,0,0,0,0,0,0,0,0,0,0,0,0,0,1,0,0,0,0,0
"365","Pycnandra sessiliflora","Sapotaceae","endemic","fruit","endozoochory",18,22,8,12,NA,NA,0,0,0,0,7,0,0,0,0,0,0,0,0,0,0,0,0,0,0,0,0
"366","Pycnandra sessilifolia","Sapotaceae","endemic","fruit","endozoochory",18,30.6,8,19.9,NA,NA,0,0,0,0,7,0,0,0,0,0,0,0,5,0,0,0,0,0,0,0,0
"367","Rauvolfia balansae","Apocynaceae","endemic","fruit","endozoochory",16,18,8,9,NA,NA,0,4,8,0,13,0,0,0,0,0,0,0,13,0,0,0,0,0,3,0,1
"368","Retrophyllum comptonii","Podocarpaceae","endemic","fruit","endozoochory",20,25,13,20,NA,NA,0,0,0,0,26,0,0,0,0,0,0,0,0,0,0,0,0,0,46,9,0
"369","Rhodamnia andromedoides","Myrtaceae","endemic","fruit","endozoochory",4,5,NA,NA,NA,NA,0,0,0,0,0,0,0,0,0,0,0,0,2,0,0,0,0,0,0,0,0
"370","Sarcomelicope follicularis","Rutaceae","endemic","fruit","endozoochory",4,NA,NA,NA,NA,NA,0,0,0,0,0,38,106,0,0,0,2,0,0,0,0,0,0,0,0,0,0
"371","Sarcomelicope leiocarpa","Rutaceae","endemic","fruit","endozoochory",10,NA,NA,NA,NA,NA,0,0,0,0,0,0,0,0,1,0,0,0,0,0,0,0,0,0,0,0,0
"372","Sarcomelicope simplicifolia","Rutaceae","native","fruit","endozoochory",10,15,NA,NA,NA,NA,0,0,0,0,0,0,0,0,0,0,0,0,0,11,0,0,0,0,0,0,0
"373","Scaevola balansae","Goodeniaceae","endemic","fruit","endozoochory",4,6,3,4,NA,NA,0,0,0,0,0,0,0,0,0,0,0,0,0,0,0,0,0,0,2,0,0
"374","Scaevola erosa","Goodeniaceae","endemic","fruit","endozoochory",3,4,3,NA,NA,NA,0,0,0,0,0,0,0,0,0,0,0,0,0,0,0,0,0,0,0,4,0
"375","Schefflera candelabrum","Araliaceae","endemic","fruit","endozoochory",NA,NA,NA,NA,NA,NA,0,0,0,0,0,0,0,0,0,0,0,0,0,0,0,0,3,0,0,0,6
"376","Schefflera pseudocandelabrum","Araliaceae","endemic","fruit","endozoochory",3,NA,3.5,NA,NA,NA,0,0,0,0,0,0,0,0,0,0,0,0,0,0,0,23,0,0,0,0,0
"377","Schefflera vieillardii","Araliaceae","endemic","fruit","endozoochory",2,NA,4,NA,NA,NA,3,0,0,42,0,0,0,0,0,0,0,3,0,0,0,0,2,0,0,0,0
"378","Semecarpus atra","Anacardiaceae","endemic","fruit","endozoochory",15,20,30,35,10,NA,0,0,0,0,0,26,19,2,20,39,10,5,0,4,7,0,0,0,0,0,0
"379","Semecarpus balansae","Anacardiaceae","endemic","fruit","endozoochory",15,20,25,NA,NA,NA,11,0,0,0,10,0,0,0,0,0,1,0,0,0,0,0,0,0,0,0,0
"380","Semecarpus neocaledonica","Anacardiaceae","endemic","fruit","endozoochory",25,30,25,30,5,10,0,0,0,0,0,0,0,0,0,0,0,0,18,0,0,0,0,0,0,0,0
"381","Serianthes calycina","Fabaceae","endemic","seed","",11,18,7,10,NA,NA,0,0,0,0,0,0,0,0,0,0,0,0,0,0,0,0,0,1,0,0,0
"382","Sleumerodendron austrocaledonicum","Proteaceae","endemic","fruit","endozoochory",30,45,25,35,NA,NA,0,0,0,0,0,0,0,0,0,0,0,0,0,0,0,0,0,0,0,0,5
"383","Sloanea haplopoda","Elaeocarpaceae","endemic","seed","endozoochory",NA,NA,NA,NA,NA,NA,0,0,0,0,18,0,0,0,0,0,0,0,0,0,0,0,0,0,0,0,0
"384","Sloanea koghiensis","Elaeocarpaceae","endemic","seed","endozoochory",NA,NA,NA,NA,NA,NA,3,0,0,1,0,0,0,0,0,0,0,0,0,0,0,0,0,0,0,0,0
"385","Sloanea lepida","Elaeocarpaceae","endemic","seed","endozoochory",NA,NA,NA,NA,NA,NA,0,0,0,0,0,0,0,1,6,0,0,0,0,0,0,0,0,0,0,0,0
"386","Sloanea magnifolia","Elaeocarpaceae","endemic","seed","endozoochory",NA,NA,NA,NA,NA,NA,0,0,0,0,0,0,0,0,0,0,0,0,0,0,0,0,0,0,0,0,68
"387","Sloanea ramiflora","Elaeocarpaceae","endemic","seed","endozoochory",NA,NA,NA,NA,NA,NA,0,0,0,0,0,0,0,1,0,0,0,0,0,0,0,1,7,0,0,0,0
"388","Sloanea raynaliana","Elaeocarpaceae","endemic","seed","endozoochory",NA,NA,NA,NA,NA,NA,0,0,0,0,0,0,0,0,0,0,0,5,0,0,0,0,0,0,0,0,0
"389","Soulamea tomentosa","Simaroubaceae","endemic","fruit","anemochory",NA,NA,NA,NA,NA,NA,0,0,0,0,0,0,0,0,0,3,0,0,0,0,0,0,6,0,0,0,0
"390","Soulamea trifoliata","Simaroubaceae","endemic","fruit","anemochory",NA,NA,NA,NA,NA,NA,0,0,0,0,0,0,0,0,0,0,0,0,2,0,0,0,0,0,0,0,0
"391","Sparattosyce balansae","Moraceae","endemic","fruit","endozoochory",6,NA,NA,NA,NA,NA,0,0,0,6,0,0,11,10,28,0,0,5,1,0,40,0,0,0,0,0,0
"392","Sparattosyce dioica","Moraceae","endemic","seed","endozoochory",2.3,19.2,NA,NA,NA,NA,0,0,0,39,0,0,0,0,6,0,2,0,95,0,0,7,0,0,0,0,0
"393","Sphenostemon comptonii","Paracryphiaceae","endemic","fruit","endozoochory",8,10,11,NA,NA,NA,0,1,0,0,0,0,0,0,0,0,0,0,0,0,0,0,0,0,0,0,0
"394","Sphenostemon pachycladum","Paracryphiaceae","endemic","fruit","endozoochory",14,22,7,10,NA,NA,0,0,0,0,1,0,0,0,0,0,0,0,3,0,0,0,0,0,0,0,0
"395","Spiraeanthemum densiflorum","Cunoniaceae","endemic","seed","anemochory",0.8,NA,0.4,0.5,NA,NA,2,1,0,0,0,0,0,0,0,0,0,6,0,0,0,5,3,0,0,0,1
"396","Stenocarpus trinervis","Proteaceae","endemic","seed","anemochory",NA,NA,NA,NA,NA,NA,0,0,0,0,0,0,0,1,0,0,0,0,6,0,0,0,0,0,0,0,0
"397","Storckiella pancheri","Fabaceae","endemic","fruit","anemochory",30,110,20,45,NA,NA,0,0,0,0,0,0,0,0,0,0,2,0,17,0,4,0,0,0,0,0,0
"398","Storthocalyx chryseus","Sapindaceae","endemic","seed","endozoochory",13,15,9,NA,5,NA,0,0,0,0,12,0,0,0,0,0,0,0,66,0,0,0,0,0,0,0,0
"399","Storthocalyx corymbosus","Sapindaceae","endemic","seed","endozoochory",NA,NA,NA,NA,NA,NA,3,20,54,0,0,0,0,20,2,0,0,0,0,0,2,15,8,0,0,0,27
"400","Storthocalyx leioneurus","Sapindaceae","endemic","seed","endozoochory",9,NA,8,NA,5,NA,2,0,0,0,0,0,0,0,0,0,0,0,0,0,0,0,0,0,0,0,0
"401","Storthocalyx pancheri","Sapindaceae","endemic","seed","endozoochory",9,11,5,9,2,NA,0,0,0,0,0,0,0,0,0,0,0,0,0,0,1,0,0,0,0,0,0
"402","Storthocalyx sordidus","Sapindaceae","endemic","seed","endozoochory",10,NA,5,NA,4,NA,1,0,0,0,0,0,0,2,0,0,22,4,0,0,1,0,21,0,0,0,0
"403","Styphelia balansae","Ericaceae","endemic","fruit","endozoochory",4,6,NA,NA,NA,NA,0,0,0,0,9,0,0,0,0,0,0,0,0,0,0,0,0,0,0,0,0
"404","Styphelia cymbulae","Ericaceae","endemic","fruit","endozoochory",2,4,NA,NA,NA,NA,0,0,0,0,29,0,0,0,0,0,0,0,1,0,2,2,0,0,1,9,0
"405","Styphelia pancheri","Ericaceae","endemic","fruit","endozoochory",3,4,NA,NA,NA,NA,0,0,0,0,0,0,0,0,0,0,0,0,0,0,0,0,0,0,11,0,0
"406","Symplocos arborea","Symplocaceae","endemic","fruit","endozoochory",9,10,4,6,NA,NA,11,0,0,0,0,1,10,17,3,0,0,6,0,0,0,3,8,0,0,0,0
"407","Symplocos caerulescens","Symplocaceae","endemic","fruit","endozoochory",7,19,4,7,NA,NA,0,0,0,0,0,0,0,0,0,0,0,0,0,0,0,1,0,0,0,0,0
"408","Symplocos montana","Symplocaceae","endemic","fruit","endozoochory",5,NA,3,NA,NA,NA,12,3,1,0,0,0,0,1,2,0,0,1,0,0,0,0,0,0,0,0,6
"409","Symplocos neocaledonica","Symplocaceae","endemic","fruit","endozoochory",9,13,4,8,NA,NA,0,5,0,2,0,0,0,0,0,0,0,1,0,0,0,0,0,0,0,0,2
"410","Syzygium {macrophylla_macKee26643}","Myrtaceae","endemic","fruit","endozoochory",NA,NA,NA,NA,NA,NA,NA,NA,NA,NA,NA,NA,NA,NA,NA,NA,NA,NA,NA,NA,NA,NA,NA,NA,NA,NA,NA
"411","Syzygium amieuense","Myrtaceae","endemic","fruit","endozoochory",21.5,32,9.2,11,NA,NA,13,12,1,0,0,0,0,0,1,0,0,0,0,0,0,2,0,0,0,0,3
"412","Syzygium aoupinianum","Myrtaceae","endemic","fruit","endozoochory",6,7,8,9,NA,NA,0,0,0,7,0,0,0,5,1,0,0,0,0,0,0,0,4,0,0,0,0
"413","Syzygium apetiolatum","Myrtaceae","endemic","fruit","endozoochory",20,23,7,10,NA,NA,0,0,0,0,0,0,0,0,0,0,0,0,0,0,0,0,0,0,0,0,3
"414","Syzygium arboreum","Myrtaceae","endemic","fruit","endozoochory",16,25,6,10,NA,NA,0,0,0,0,0,0,0,0,0,0,0,1,0,0,0,0,0,0,20,0,0
"415","Syzygium austrocaledonicum","Myrtaceae","endemic","fruit","endozoochory",13,16,9,15,NA,NA,0,0,0,0,0,0,0,0,0,0,0,0,3,0,2,0,0,0,0,0,0
"416","Syzygium baladense","Myrtaceae","endemic","fruit","endozoochory",10,60,5,8,NA,NA,0,0,0,0,11,0,0,0,2,0,0,1,6,0,0,0,0,0,0,0,0
"417","Syzygium balansae","Myrtaceae","endemic","fruit","endozoochory",20,25,7,9,NA,NA,0,0,0,0,0,1,0,0,0,0,0,0,0,0,0,0,0,0,0,0,0
"418","Syzygium brachycalyx","Myrtaceae","endemic","fruit","endozoochory",4,NA,NA,NA,NA,NA,0,0,0,0,0,0,0,0,0,0,0,0,0,0,1,4,0,0,0,0,0
"419","Syzygium brongniartii","Myrtaceae","endemic","fruit","endozoochory",9,10,6,8,NA,NA,0,0,0,0,6,0,0,0,0,0,0,0,0,0,0,0,9,0,0,25,0
"420","Syzygium bullatum","Myrtaceae","endemic","fruit","endozoochory",12,22,13,33,NA,NA,5,0,8,0,0,0,0,3,1,0,0,0,0,0,0,0,5,0,0,0,0
"421","Syzygium capillaceum","Myrtaceae","endemic","fruit","endozoochory",5,7,7,8,NA,NA,0,0,0,0,0,0,0,0,0,0,0,8,0,0,0,0,0,0,0,0,0
"422","Syzygium densiflorum","Myrtaceae","endemic","fruit","endozoochory",15,20,12,15,NA,NA,8,0,0,0,0,4,3,13,0,0,25,0,0,0,0,2,1,0,0,0,0
"423","Syzygium frutescens","Myrtaceae","endemic","fruit","endozoochory",3,5,4,5,NA,NA,0,0,3,0,29,0,0,0,0,0,0,11,17,0,0,0,0,0,18,30,0
"424","Syzygium koumacense","Myrtaceae","endemic","fruit","endozoochory",5,6,4.5,6,NA,NA,0,0,0,0,0,0,0,0,0,3,0,0,0,0,0,0,0,0,0,0,0
"425","Syzygium lifuanum","Myrtaceae","endemic","fruit","endozoochory",8,13,NA,NA,NA,NA,1,0,0,5,0,0,0,0,15,0,4,0,0,0,54,4,10,0,0,0,0
"426","Syzygium macranthum","Myrtaceae","endemic","fruit","endozoochory",20,30,10,22,NA,NA,1,0,12,1,16,1,9,12,28,0,36,11,0,0,0,3,4,0,0,1,1
"427","Syzygium mouanum","Myrtaceae","endemic","fruit","endozoochory",5,7,6,9,NA,NA,0,0,0,0,1,0,0,0,0,0,0,0,2,0,0,0,0,0,4,4,0
"428","Syzygium multipetalum","Myrtaceae","endemic","fruit","endozoochory",15,20,6,10,NA,NA,0,0,0,0,0,0,0,0,0,0,0,0,6,0,0,0,0,0,24,2,0
"429","Syzygium neolaurifolium","Myrtaceae","endemic","fruit","endozoochory",50,NA,50,NA,NA,NA,2,0,21,1,0,1,9,3,0,0,0,24,9,0,0,0,1,0,0,0,52
"430","Syzygium pancheri","Myrtaceae","endemic","fruit","endozoochory",7,10,6,10,NA,NA,0,0,0,0,0,0,0,0,0,0,0,0,0,0,0,0,1,0,0,0,0
"431","Syzygium paniense","Myrtaceae","endemic","fruit","endozoochory",30,35,10,13,NA,NA,0,4,0,0,0,0,0,0,0,0,0,0,0,0,0,0,0,0,0,0,0
"432","Syzygium toninense","Myrtaceae","endemic","fruit","endozoochory",50,60,20,35,NA,NA,0,0,0,0,0,0,0,0,0,0,0,0,0,0,0,0,1,0,0,0,0
"433","Syzygium tripetalum","Myrtaceae","endemic","fruit","endozoochory",7,12,6,10,NA,NA,0,0,3,0,0,0,0,0,0,0,0,0,0,0,0,0,0,0,0,0,2
"434","Syzygium wagapense","Myrtaceae","endemic","fruit","endozoochory",6,8,4,6,NA,NA,0,0,0,0,0,0,0,2,1,0,0,1,0,0,0,0,0,0,0,0,0
"435","Syzygium xanthostemifolium","Myrtaceae","endemic","fruit","endozoochory",8,NA,NA,NA,NA,NA,0,0,0,0,4,0,0,0,0,0,0,0,0,0,0,0,0,0,0,0,0
"436","Tabernaemontana cerifera","Apocynaceae","endemic","seed","endozoochory",4.4,NA,9.5,NA,NA,NA,0,0,1,0,0,27,82,30,18,18,71,0,3,42,117,0,0,25,0,0,0
"437","Tapeinosperma nectandroides","Primulaceae","endemic","fruit","endozoochory",13,15,NA,NA,NA,NA,0,0,0,0,0,0,0,0,0,0,2,0,0,0,0,0,0,0,0,0,0
"438","Tapeinosperma nitidum","Primulaceae","endemic","fruit","endozoochory",NA,5,NA,NA,NA,NA,0,0,0,0,0,0,0,0,0,0,0,0,0,0,0,0,0,0,0,0,4
"439","Tapeinosperma oblongifolium","Primulaceae","endemic","fruit","endozoochory",10,NA,NA,NA,NA,NA,0,0,0,0,0,0,0,0,0,0,0,0,0,0,5,0,0,0,0,0,1
"440","Tapeinosperma pancheri","Primulaceae","endemic","fruit","endozoochory",6,10,NA,NA,NA,NA,0,0,0,1,0,0,0,0,0,0,0,0,0,0,0,0,0,0,0,0,0
"441","Tapeinosperma robustum","Primulaceae","endemic","fruit","endozoochory",8,20,NA,NA,NA,NA,0,0,0,0,0,0,0,0,0,0,0,5,0,0,0,0,0,0,0,0,0
"442","Tapeinosperma scrobiculatum","Primulaceae","native","fruit","endozoochory",3,5,NA,NA,NA,NA,1,0,0,0,0,0,0,0,0,0,0,0,0,0,0,0,0,0,0,0,0
"443","Tapeinosperma vieillardii","Primulaceae","endemic","fruit","endozoochory",13,30,NA,NA,NA,NA,0,0,12,0,0,0,0,0,0,0,0,0,0,0,0,3,0,0,0,0,4
"444","Tapeinosperma wagapense","Primulaceae","endemic","fruit","endozoochory",5,6,NA,NA,NA,NA,0,0,0,0,0,0,0,0,8,0,0,0,0,2,0,1,0,0,0,0,1
"445","Tarenna ignambiensis","Rubiaceae","endemic","fruit","endozoochory",4,6,5,6,NA,NA,0,0,2,0,0,0,0,0,0,0,0,0,0,0,0,0,0,0,0,0,0
"446","Terminalia gatopensis","Combretaceae","endemic","seed","anemochory",NA,NA,NA,NA,NA,NA,0,0,0,0,0,0,0,0,0,0,0,0,0,0,0,0,0,3,0,0,0
"447","Trimenia neocaledonica","Trimeniaceae","endemic","fruit","endozoochory",8,11,5,7,NA,NA,0,2,0,0,0,0,0,0,0,0,0,3,0,0,0,0,0,0,0,0,9
"448","Uromyrtus artensis","Myrtaceae","endemic","fruit","endozoochory",13,NA,NA,NA,NA,NA,0,0,0,0,0,0,0,0,0,0,0,0,0,0,0,0,0,0,0,6,0
"449","Virotia leptophylla","Proteaceae","endemic","fruit","endozoochory",40,65,27,55,NA,NA,0,0,0,0,0,1,44,21,44,0,0,0,0,0,0,7,0,0,0,0,0
"450","Virotia vieillardii","Proteaceae","endemic","fruit","endozoochory",15,20,NA,NA,NA,NA,0,0,0,0,0,0,0,0,0,0,0,6,0,0,0,0,0,0,0,0,0
"451","Vitex collina","Lamiaceae","native","fruit","endozoochory",13,NA,15,NA,NA,NA,0,0,0,0,0,0,0,0,1,0,0,0,0,0,0,0,0,0,0,0,0
"452","Xanthomyrtus kanalaensis","Myrtaceae","endemic","fruit","endozoochory",3.3,7.4,3,5.3,NA,NA,0,0,0,0,46,0,0,0,0,0,0,0,0,0,0,0,0,0,0,28,0
"453","Xanthostemon pubescens","Myrtaceae","endemic","seed","anemochory/barochory",NA,NA,NA,NA,NA,NA,0,0,0,0,0,0,0,0,0,0,0,0,0,0,0,0,0,12,0,0,0
"454","Xylopia dibaccata","Annonaceae","endemic","seed","endozoochory",12.5,13.1,6,6.8,3.9,5,0,0,0,0,0,0,0,0,0,0,4,0,0,0,0,0,0,0,0,0,0
"455","Xylopia pancheri","Annonaceae","endemic","seed","endozoochory",9.7,12,4,6.4,3.5,4.2,0,0,0,0,0,0,0,0,0,0,0,0,2,0,0,0,0,0,0,0,0
"456","Xylopia vieillardii","Annonaceae","endemic","seed","endozoochory",9,15,5,8,3,5,46,0,13,0,0,0,0,43,31,0,110,19,0,0,1,1,51,0,0,0,0
"457","Xylosma vincentii","Salicaceae","endemic","fruit","endozoochory",4,6,NA,NA,NA,NA,0,0,0,0,0,131,53,17,25,0,0,0,0,0,0,0,0,0,0,0,0
"458","Zanthoxylum neocaledonicum","Rutaceae","endemic","seed","endozoochory",NA,NA,NA,NA,NA,NA,0,0,5,3,0,0,0,0,1,0,10,0,0,0,0,0,0,0,0,0,0
"459","Zygogynum stipitatum","Winteraceae","endemic","fruit","endozoochory",NA,36,NA,27,NA,23,0,0,0,0,0,0,0,0,0,0,0,0,0,0,0,0,1,0,0,0,0
"460","Zygogynum vieillardii","Winteraceae","endemic","fruit","endozoochory",NA,20,NA,NA,NA,NA,0,0,0,0,12,0,0,0,0,0,0,0,0,0,0,0,0,0,0,0,0
